week_start,entity_id,geo,interest
2024-01-01,cafe_nakhla,SA,3.8
2024-01-08,cafe_nakhla,SA,4.5
2024-01-15,cafe_nakhla,SA,4.7
2024-01-22,cafe_nakhla,SA,4.4
2024-01-29,cafe_nakhla,SA,4.7
2024-02-05,cafe_nakhla,SA,4.3
2024-02-12,cafe_nakhla,SA,4.7
2024-02-19,cafe_nakhla,SA,4.1
2024-02-26,cafe_nakhla,SA,4.3
2024-03-04,cafe_nakhla,SA,4.6
2024-03-11,cafe_nakhla,SA,3.8
2024-03-18,cafe_nakhla,SA,4.2
2024-03-25,cafe_nakhla,SA,5.0
2024-04-01,cafe_nakhla,SA,4.2
2024-04-08,cafe_nakhla,SA,4.2
2024-04-15,cafe_nakhla,SA,5.0
2024-04-22,cafe_nakhla,SA,4.1
2024-04-29,cafe_nakhla,SA,4.2
2024-05-06,cafe_nakhla,SA,4.8
2024-05-13,cafe_nakhla,SA,4.4
2024-05-20,cafe_nakhla,SA,4.8
2024-05-27,cafe_nakhla,SA,4.3
2024-06-03,cafe_nakhla,SA,4.8
2024-06-10,cafe_nakhla,SA,5.0
2024-06-17,cafe_nakhla,SA,4.3
2024-06-24,cafe_nakhla,SA,4.0
2024-07-01,cafe_nakhla,SA,4.5
2024-07-08,cafe_nakhla,SA,4.3
2024-07-15,cafe_nakhla,SA,4.5
2024-07-22,cafe_nakhla,SA,4.1
2024-07-29,cafe_nakhla,SA,4.1
2024-08-05,cafe_nakhla,SA,4.7
2024-08-12,cafe_nakhla,SA,4.5
2024-08-19,cafe_nakhla,SA,3.9
2024-08-26,cafe_nakhla,SA,4.4
2024-09-02,cafe_nakhla,SA,4.7
2024-09-09,cafe_nakhla,SA,4.5
2024-09-16,cafe_nakhla,SA,4.7
2024-09-23,cafe_nakhla,SA,4.4
2024-09-30,cafe_nakhla,SA,4.4
2024-10-07,cafe_nakhla,SA,4.6
2024-10-14,cafe_nakhla,SA,4.6
2024-10-21,cafe_nakhla,SA,4.9
2024-10-28,cafe_nakhla,SA,5.0
2024-11-04,cafe_nakhla,SA,4.6
2024-11-11,cafe_nakhla,SA,4.0
2024-11-18,cafe_nakhla,SA,4.1
2024-11-25,cafe_nakhla,SA,3.8
2024-12-02,cafe_nakhla,SA,4.5
2024-12-09,cafe_nakhla,SA,4.5
2024-12-16,cafe_nakhla,SA,4.9
2024-12-23,cafe_nakhla,SA,4.1
2024-12-30,cafe_nakhla,SA,4.9
2025-01-06,cafe_nakhla,SA,3.9
2025-01-13,cafe_nakhla,SA,4.9
2025-01-20,cafe_nakhla,SA,4.9
2025-01-27,cafe_nakhla,SA,4.5
2025-02-03,cafe_nakhla,SA,3.9
2025-02-10,cafe_nakhla,SA,4.9
2025-02-17,cafe_nakhla,SA,4.1
2025-02-24,cafe_nakhla,SA,5.0
2025-03-03,cafe_nakhla,SA,5.0
2025-03-10,cafe_nakhla,SA,4.8
2025-03-17,cafe_nakhla,SA,4.9
2025-03-24,cafe_nakhla,SA,4.6
2025-03-31,cafe_nakhla,SA,4.8
2025-04-07,cafe_nakhla,SA,5.0
2025-04-14,cafe_nakhla,SA,5.5
2025-04-21,cafe_nakhla,SA,4.9
2025-04-28,cafe_nakhla,SA,5.2
2025-05-05,cafe_nakhla,SA,4.9
2025-05-12,cafe_nakhla,SA,4.6
2025-05-19,cafe_nakhla,SA,5.5
2025-05-26,cafe_nakhla,SA,4.9
2025-06-02,cafe_nakhla,SA,4.8
2025-06-09,cafe_nakhla,SA,4.8
2025-06-16,cafe_nakhla,SA,4.6
2025-06-23,cafe_nakhla,SA,4.5
2025-06-30,cafe_nakhla,SA,4.6
2025-07-07,cafe_nakhla,SA,4.4
2025-07-14,cafe_nakhla,SA,5.3
2025-07-21,cafe_nakhla,SA,4.5
2025-07-28,cafe_nakhla,SA,5.0
2025-08-04,cafe_nakhla,SA,4.9
2025-08-11,cafe_nakhla,SA,4.4
2025-08-18,cafe_nakhla,SA,4.6
2025-08-25,cafe_nakhla,SA,4.7
2025-09-01,cafe_nakhla,SA,4.5
2025-09-08,cafe_nakhla,SA,3.6
2025-09-15,cafe_nakhla,SA,4.9
2025-09-22,cafe_nakhla,SA,5.1
2025-09-29,cafe_nakhla,SA,5.4
2025-10-06,cafe_nakhla,SA,4.6
2025-10-13,cafe_nakhla,SA,4.5
2025-10-20,cafe_nakhla,SA,4.4
2025-10-27,cafe_nakhla,SA,4.4
2025-11-03,cafe_nakhla,SA,4.5
2025-11-10,cafe_nakhla,SA,4.4
2025-11-17,cafe_nakhla,SA,4.2
2025-11-24,cafe_nakhla,SA,4.7
2025-12-01,cafe_nakhla,SA,4.7
2025-12-08,cafe_nakhla,SA,4.6
2025-12-15,cafe_nakhla,SA,4.8
2025-12-22,cafe_nakhla,SA,4.7
2025-12-29,cafe_nakhla,SA,5.5
2026-01-05,cafe_nakhla,SA,4.0
2026-01-12,cafe_nakhla,SA,4.4
2026-01-19,cafe_nakhla,SA,4.8
2026-01-26,cafe_nakhla,SA,4.4
2026-02-02,cafe_nakhla,SA,4.7
2026-02-09,cafe_nakhla,SA,4.8
2026-02-16,cafe_nakhla,SA,4.8
2026-02-23,cafe_nakhla,SA,5.4
2026-03-02,cafe_nakhla,SA,4.9
2026-03-09,cafe_nakhla,SA,5.5
2026-03-16,cafe_nakhla,SA,4.4
2026-03-23,cafe_nakhla,SA,4.9
2026-03-30,cafe_nakhla,SA,4.6
2026-04-06,cafe_nakhla,SA,67.4
2026-04-13,cafe_nakhla,SA,100.0
2026-04-20,cafe_nakhla,SA,47.2
2024-01-01,dates_tamr,SA,22.4
2024-01-08,dates_tamr,SA,21.6
2024-01-15,dates_tamr,SA,21.4
2024-01-22,dates_tamr,SA,22.7
2024-01-29,dates_tamr,SA,21.4
2024-02-05,dates_tamr,SA,22.8
2024-02-12,dates_tamr,SA,22.2
2024-02-19,dates_tamr,SA,22.9
2024-02-26,dates_tamr,SA,22.4
2024-03-04,dates_tamr,SA,59.6
2024-03-11,dates_tamr,SA,34.4
2024-03-18,dates_tamr,SA,83.4
2024-03-25,dates_tamr,SA,80.5
2024-04-01,dates_tamr,SA,49.5
2024-04-08,dates_tamr,SA,22.7
2024-04-15,dates_tamr,SA,22.7
2024-04-22,dates_tamr,SA,22.5
2024-04-29,dates_tamr,SA,22.2
2024-05-06,dates_tamr,SA,23.2
2024-05-13,dates_tamr,SA,23.1
2024-05-20,dates_tamr,SA,21.2
2024-05-27,dates_tamr,SA,22.2
2024-06-03,dates_tamr,SA,22.1
2024-06-10,dates_tamr,SA,22.4
2024-06-17,dates_tamr,SA,24.2
2024-06-24,dates_tamr,SA,21.6
2024-07-01,dates_tamr,SA,20.4
2024-07-08,dates_tamr,SA,21.4
2024-07-15,dates_tamr,SA,24.1
2024-07-22,dates_tamr,SA,22.3
2024-07-29,dates_tamr,SA,22.9
2024-08-05,dates_tamr,SA,22.4
2024-08-12,dates_tamr,SA,22.6
2024-08-19,dates_tamr,SA,22.0
2024-08-26,dates_tamr,SA,19.5
2024-09-02,dates_tamr,SA,23.5
2024-09-09,dates_tamr,SA,24.1
2024-09-16,dates_tamr,SA,21.7
2024-09-23,dates_tamr,SA,25.6
2024-09-30,dates_tamr,SA,24.5
2024-10-07,dates_tamr,SA,20.4
2024-10-14,dates_tamr,SA,25.0
2024-10-21,dates_tamr,SA,24.6
2024-10-28,dates_tamr,SA,21.5
2024-11-04,dates_tamr,SA,23.1
2024-11-11,dates_tamr,SA,22.6
2024-11-18,dates_tamr,SA,23.9
2024-11-25,dates_tamr,SA,23.0
2024-12-02,dates_tamr,SA,22.8
2024-12-09,dates_tamr,SA,22.4
2024-12-16,dates_tamr,SA,23.2
2024-12-23,dates_tamr,SA,24.1
2024-12-30,dates_tamr,SA,24.0
2025-01-06,dates_tamr,SA,21.2
2025-01-13,dates_tamr,SA,22.7
2025-01-20,dates_tamr,SA,20.8
2025-01-27,dates_tamr,SA,23.1
2025-02-03,dates_tamr,SA,24.2
2025-02-10,dates_tamr,SA,21.1
2025-02-17,dates_tamr,SA,28.6
2025-02-24,dates_tamr,SA,53.7
2025-03-03,dates_tamr,SA,55.3
2025-03-10,dates_tamr,SA,96.4
2025-03-17,dates_tamr,SA,76.9
2025-03-24,dates_tamr,SA,37.5
2025-03-31,dates_tamr,SA,23.1
2025-04-07,dates_tamr,SA,24.8
2025-04-14,dates_tamr,SA,21.1
2025-04-21,dates_tamr,SA,23.8
2025-04-28,dates_tamr,SA,21.6
2025-05-05,dates_tamr,SA,22.0
2025-05-12,dates_tamr,SA,25.0
2025-05-19,dates_tamr,SA,22.6
2025-05-26,dates_tamr,SA,24.2
2025-06-02,dates_tamr,SA,24.4
2025-06-09,dates_tamr,SA,23.6
2025-06-16,dates_tamr,SA,23.0
2025-06-23,dates_tamr,SA,24.0
2025-06-30,dates_tamr,SA,23.7
2025-07-07,dates_tamr,SA,22.4
2025-07-14,dates_tamr,SA,24.2
2025-07-21,dates_tamr,SA,24.0
2025-07-28,dates_tamr,SA,21.9
2025-08-04,dates_tamr,SA,22.4
2025-08-11,dates_tamr,SA,24.3
2025-08-18,dates_tamr,SA,25.1
2025-08-25,dates_tamr,SA,25.9
2025-09-01,dates_tamr,SA,25.6
2025-09-08,dates_tamr,SA,22.9
2025-09-15,dates_tamr,SA,24.5
2025-09-22,dates_tamr,SA,24.0
2025-09-29,dates_tamr,SA,23.2
2025-10-06,dates_tamr,SA,23.1
2025-10-13,dates_tamr,SA,23.1
2025-10-20,dates_tamr,SA,23.3
2025-10-27,dates_tamr,SA,22.8
2025-11-03,dates_tamr,SA,24.4
2025-11-10,dates_tamr,SA,23.4
2025-11-17,dates_tamr,SA,25.1
2025-11-24,dates_tamr,SA,21.0
2025-12-01,dates_tamr,SA,22.7
2025-12-08,dates_tamr,SA,22.4
2025-12-15,dates_tamr,SA,21.6
2025-12-22,dates_tamr,SA,23.5
2025-12-29,dates_tamr,SA,24.7
2026-01-05,dates_tamr,SA,24.3
2026-01-12,dates_tamr,SA,22.4
2026-01-19,dates_tamr,SA,24.8
2026-01-26,dates_tamr,SA,22.4
2026-02-02,dates_tamr,SA,21.4
2026-02-09,dates_tamr,SA,33.9
2026-02-16,dates_tamr,SA,49.5
2026-02-23,dates_tamr,SA,66.4
2026-03-02,dates_tamr,SA,100.0
2026-03-09,dates_tamr,SA,60.6
2026-03-16,dates_tamr,SA,26.3
2026-03-23,dates_tamr,SA,23.7
2026-03-30,dates_tamr,SA,21.8
2026-04-06,dates_tamr,SA,24.1
2026-04-13,dates_tamr,SA,23.8
2026-04-20,dates_tamr,SA,21.8
2024-01-01,eid_abaya,SA,24.5
2024-01-08,eid_abaya,SA,25.1
2024-01-15,eid_abaya,SA,25.6
2024-01-22,eid_abaya,SA,22.7
2024-01-29,eid_abaya,SA,25.3
2024-02-05,eid_abaya,SA,24.6
2024-02-12,eid_abaya,SA,23.8
2024-02-19,eid_abaya,SA,23.5
2024-02-26,eid_abaya,SA,24.9
2024-03-04,eid_abaya,SA,22.8
2024-03-11,eid_abaya,SA,23.9
2024-03-18,eid_abaya,SA,25.3
2024-03-25,eid_abaya,SA,62.6
2024-04-01,eid_abaya,SA,61.3
2024-04-08,eid_abaya,SA,66.8
2024-04-15,eid_abaya,SA,24.8
2024-04-22,eid_abaya,SA,27.6
2024-04-29,eid_abaya,SA,26.3
2024-05-06,eid_abaya,SA,26.1
2024-05-13,eid_abaya,SA,26.0
2024-05-20,eid_abaya,SA,23.1
2024-05-27,eid_abaya,SA,25.3
2024-06-03,eid_abaya,SA,25.6
2024-06-10,eid_abaya,SA,25.8
2024-06-17,eid_abaya,SA,27.4
2024-06-24,eid_abaya,SA,27.2
2024-07-01,eid_abaya,SA,25.9
2024-07-08,eid_abaya,SA,26.6
2024-07-15,eid_abaya,SA,24.4
2024-07-22,eid_abaya,SA,26.5
2024-07-29,eid_abaya,SA,29.0
2024-08-05,eid_abaya,SA,26.5
2024-08-12,eid_abaya,SA,26.0
2024-08-19,eid_abaya,SA,24.8
2024-08-26,eid_abaya,SA,23.1
2024-09-02,eid_abaya,SA,24.3
2024-09-09,eid_abaya,SA,26.2
2024-09-16,eid_abaya,SA,24.6
2024-09-23,eid_abaya,SA,24.8
2024-09-30,eid_abaya,SA,27.0
2024-10-07,eid_abaya,SA,25.4
2024-10-14,eid_abaya,SA,22.8
2024-10-21,eid_abaya,SA,23.6
2024-10-28,eid_abaya,SA,25.5
2024-11-04,eid_abaya,SA,24.3
2024-11-11,eid_abaya,SA,24.9
2024-11-18,eid_abaya,SA,26.0
2024-11-25,eid_abaya,SA,27.6
2024-12-02,eid_abaya,SA,27.1
2024-12-09,eid_abaya,SA,29.6
2024-12-16,eid_abaya,SA,26.3
2024-12-23,eid_abaya,SA,25.5
2024-12-30,eid_abaya,SA,27.1
2025-01-06,eid_abaya,SA,25.9
2025-01-13,eid_abaya,SA,29.0
2025-01-20,eid_abaya,SA,27.0
2025-01-27,eid_abaya,SA,24.9
2025-02-03,eid_abaya,SA,28.5
2025-02-10,eid_abaya,SA,25.3
2025-02-17,eid_abaya,SA,26.2
2025-02-24,eid_abaya,SA,26.5
2025-03-03,eid_abaya,SA,25.7
2025-03-10,eid_abaya,SA,37.1
2025-03-17,eid_abaya,SA,54.7
2025-03-24,eid_abaya,SA,100.0
2025-03-31,eid_abaya,SA,56.1
2025-04-07,eid_abaya,SA,26.1
2025-04-14,eid_abaya,SA,28.3
2025-04-21,eid_abaya,SA,24.8
2025-04-28,eid_abaya,SA,23.5
2025-05-05,eid_abaya,SA,26.0
2025-05-12,eid_abaya,SA,29.3
2025-05-19,eid_abaya,SA,27.6
2025-05-26,eid_abaya,SA,27.5
2025-06-02,eid_abaya,SA,29.4
2025-06-09,eid_abaya,SA,27.1
2025-06-16,eid_abaya,SA,27.9
2025-06-23,eid_abaya,SA,26.1
2025-06-30,eid_abaya,SA,25.9
2025-07-07,eid_abaya,SA,26.0
2025-07-14,eid_abaya,SA,25.3
2025-07-21,eid_abaya,SA,27.1
2025-07-28,eid_abaya,SA,27.5
2025-08-04,eid_abaya,SA,28.0
2025-08-11,eid_abaya,SA,23.7
2025-08-18,eid_abaya,SA,27.4
2025-08-25,eid_abaya,SA,27.1
2025-09-01,eid_abaya,SA,26.4
2025-09-08,eid_abaya,SA,26.4
2025-09-15,eid_abaya,SA,29.3
2025-09-22,eid_abaya,SA,30.0
2025-09-29,eid_abaya,SA,27.9
2025-10-06,eid_abaya,SA,24.7
2025-10-13,eid_abaya,SA,30.2
2025-10-20,eid_abaya,SA,30.1
2025-10-27,eid_abaya,SA,28.5
2025-11-03,eid_abaya,SA,28.3
2025-11-10,eid_abaya,SA,26.4
2025-11-17,eid_abaya,SA,28.5
2025-11-24,eid_abaya,SA,30.0
2025-12-01,eid_abaya,SA,28.2
2025-12-08,eid_abaya,SA,28.6
2025-12-15,eid_abaya,SA,27.8
2025-12-22,eid_abaya,SA,27.3
2025-12-29,eid_abaya,SA,26.1
2026-01-05,eid_abaya,SA,29.3
2026-01-12,eid_abaya,SA,29.3
2026-01-19,eid_abaya,SA,32.4
2026-01-26,eid_abaya,SA,27.6
2026-02-02,eid_abaya,SA,25.3
2026-02-09,eid_abaya,SA,27.1
2026-02-16,eid_abaya,SA,27.4
2026-02-23,eid_abaya,SA,32.5
2026-03-02,eid_abaya,SA,49.0
2026-03-09,eid_abaya,SA,66.4
2026-03-16,eid_abaya,SA,90.1
2026-03-23,eid_abaya,SA,33.7
2026-03-30,eid_abaya,SA,26.8
2026-04-06,eid_abaya,SA,29.2
2026-04-13,eid_abaya,SA,27.2
2026-04-20,eid_abaya,SA,24.5
2024-01-01,ev_cars,SA,35.8
2024-01-08,ev_cars,SA,36.3
2024-01-15,ev_cars,SA,33.7
2024-01-22,ev_cars,SA,39.8
2024-01-29,ev_cars,SA,37.3
2024-02-05,ev_cars,SA,33.6
2024-02-12,ev_cars,SA,40.7
2024-02-19,ev_cars,SA,35.9
2024-02-26,ev_cars,SA,40.1
2024-03-04,ev_cars,SA,33.4
2024-03-11,ev_cars,SA,35.9
2024-03-18,ev_cars,SA,41.4
2024-03-25,ev_cars,SA,42.2
2024-04-01,ev_cars,SA,40.1
2024-04-08,ev_cars,SA,39.0
2024-04-15,ev_cars,SA,45.9
2024-04-22,ev_cars,SA,37.6
2024-04-29,ev_cars,SA,37.3
2024-05-06,ev_cars,SA,37.6
2024-05-13,ev_cars,SA,43.3
2024-05-20,ev_cars,SA,42.0
2024-05-27,ev_cars,SA,40.8
2024-06-03,ev_cars,SA,40.5
2024-06-10,ev_cars,SA,41.3
2024-06-17,ev_cars,SA,37.8
2024-06-24,ev_cars,SA,48.3
2024-07-01,ev_cars,SA,42.4
2024-07-08,ev_cars,SA,38.7
2024-07-15,ev_cars,SA,41.3
2024-07-22,ev_cars,SA,47.4
2024-07-29,ev_cars,SA,41.7
2024-08-05,ev_cars,SA,41.9
2024-08-12,ev_cars,SA,48.6
2024-08-19,ev_cars,SA,39.0
2024-08-26,ev_cars,SA,39.9
2024-09-02,ev_cars,SA,47.1
2024-09-09,ev_cars,SA,57.9
2024-09-16,ev_cars,SA,47.0
2024-09-23,ev_cars,SA,43.0
2024-09-30,ev_cars,SA,50.2
2024-10-07,ev_cars,SA,52.2
2024-10-14,ev_cars,SA,45.9
2024-10-21,ev_cars,SA,50.3
2024-10-28,ev_cars,SA,51.2
2024-11-04,ev_cars,SA,48.0
2024-11-11,ev_cars,SA,51.8
2024-11-18,ev_cars,SA,48.5
2024-11-25,ev_cars,SA,48.2
2024-12-02,ev_cars,SA,47.7
2024-12-09,ev_cars,SA,54.5
2024-12-16,ev_cars,SA,50.5
2024-12-23,ev_cars,SA,57.1
2024-12-30,ev_cars,SA,51.4
2025-01-06,ev_cars,SA,50.5
2025-01-13,ev_cars,SA,54.1
2025-01-20,ev_cars,SA,50.9
2025-01-27,ev_cars,SA,60.8
2025-02-03,ev_cars,SA,49.3
2025-02-10,ev_cars,SA,47.0
2025-02-17,ev_cars,SA,52.2
2025-02-24,ev_cars,SA,63.2
2025-03-03,ev_cars,SA,48.4
2025-03-10,ev_cars,SA,61.8
2025-03-17,ev_cars,SA,61.4
2025-03-24,ev_cars,SA,56.6
2025-03-31,ev_cars,SA,59.2
2025-04-07,ev_cars,SA,56.4
2025-04-14,ev_cars,SA,55.7
2025-04-21,ev_cars,SA,59.5
2025-04-28,ev_cars,SA,60.0
2025-05-05,ev_cars,SA,52.6
2025-05-12,ev_cars,SA,60.0
2025-05-19,ev_cars,SA,59.1
2025-05-26,ev_cars,SA,59.9
2025-06-02,ev_cars,SA,64.2
2025-06-09,ev_cars,SA,61.4
2025-06-16,ev_cars,SA,63.6
2025-06-23,ev_cars,SA,61.0
2025-06-30,ev_cars,SA,62.4
2025-07-07,ev_cars,SA,64.4
2025-07-14,ev_cars,SA,68.9
2025-07-21,ev_cars,SA,66.5
2025-07-28,ev_cars,SA,65.0
2025-08-04,ev_cars,SA,72.3
2025-08-11,ev_cars,SA,61.0
2025-08-18,ev_cars,SA,61.2
2025-08-25,ev_cars,SA,70.2
2025-09-01,ev_cars,SA,77.9
2025-09-08,ev_cars,SA,64.6
2025-09-15,ev_cars,SA,77.1
2025-09-22,ev_cars,SA,77.0
2025-09-29,ev_cars,SA,75.4
2025-10-06,ev_cars,SA,75.8
2025-10-13,ev_cars,SA,72.7
2025-10-20,ev_cars,SA,67.6
2025-10-27,ev_cars,SA,74.6
2025-11-03,ev_cars,SA,79.9
2025-11-10,ev_cars,SA,83.1
2025-11-17,ev_cars,SA,79.1
2025-11-24,ev_cars,SA,75.9
2025-12-01,ev_cars,SA,74.8
2025-12-08,ev_cars,SA,84.4
2025-12-15,ev_cars,SA,89.7
2025-12-22,ev_cars,SA,80.0
2025-12-29,ev_cars,SA,76.5
2026-01-05,ev_cars,SA,79.5
2026-01-12,ev_cars,SA,71.8
2026-01-19,ev_cars,SA,74.9
2026-01-26,ev_cars,SA,84.4
2026-02-02,ev_cars,SA,86.9
2026-02-09,ev_cars,SA,100.0
2026-02-16,ev_cars,SA,87.6
2026-02-23,ev_cars,SA,78.2
2026-03-02,ev_cars,SA,96.5
2026-03-09,ev_cars,SA,95.4
2026-03-16,ev_cars,SA,98.8
2026-03-23,ev_cars,SA,78.5
2026-03-30,ev_cars,SA,92.3
2026-04-06,ev_cars,SA,91.1
2026-04-13,ev_cars,SA,86.7
2026-04-20,ev_cars,SA,92.8
2024-01-01,founding_day_thobe,SA,17.3
2024-01-08,founding_day_thobe,SA,19.1
2024-01-15,founding_day_thobe,SA,21.6
2024-01-22,founding_day_thobe,SA,24.4
2024-01-29,founding_day_thobe,SA,17.5
2024-02-05,founding_day_thobe,SA,19.3
2024-02-12,founding_day_thobe,SA,71.7
2024-02-19,founding_day_thobe,SA,78.6
2024-02-26,founding_day_thobe,SA,20.0
2024-03-04,founding_day_thobe,SA,24.7
2024-03-11,founding_day_thobe,SA,20.8
2024-03-18,founding_day_thobe,SA,21.8
2024-03-25,founding_day_thobe,SA,24.5
2024-04-01,founding_day_thobe,SA,18.5
2024-04-08,founding_day_thobe,SA,17.0
2024-04-15,founding_day_thobe,SA,18.3
2024-04-22,founding_day_thobe,SA,18.1
2024-04-29,founding_day_thobe,SA,20.2
2024-05-06,founding_day_thobe,SA,16.6
2024-05-13,founding_day_thobe,SA,18.4
2024-05-20,founding_day_thobe,SA,20.2
2024-05-27,founding_day_thobe,SA,20.8
2024-06-03,founding_day_thobe,SA,22.1
2024-06-10,founding_day_thobe,SA,21.9
2024-06-17,founding_day_thobe,SA,17.4
2024-06-24,founding_day_thobe,SA,25.2
2024-07-01,founding_day_thobe,SA,20.4
2024-07-08,founding_day_thobe,SA,21.9
2024-07-15,founding_day_thobe,SA,17.9
2024-07-22,founding_day_thobe,SA,21.2
2024-07-29,founding_day_thobe,SA,22.3
2024-08-05,founding_day_thobe,SA,18.7
2024-08-12,founding_day_thobe,SA,21.2
2024-08-19,founding_day_thobe,SA,23.5
2024-08-26,founding_day_thobe,SA,21.4
2024-09-02,founding_day_thobe,SA,21.2
2024-09-09,founding_day_thobe,SA,20.7
2024-09-16,founding_day_thobe,SA,21.1
2024-09-23,founding_day_thobe,SA,21.3
2024-09-30,founding_day_thobe,SA,20.9
2024-10-07,founding_day_thobe,SA,18.5
2024-10-14,founding_day_thobe,SA,20.9
2024-10-21,founding_day_thobe,SA,20.1
2024-10-28,founding_day_thobe,SA,18.9
2024-11-04,founding_day_thobe,SA,19.2
2024-11-11,founding_day_thobe,SA,20.5
2024-11-18,founding_day_thobe,SA,18.7
2024-11-25,founding_day_thobe,SA,23.6
2024-12-02,founding_day_thobe,SA,22.8
2024-12-09,founding_day_thobe,SA,23.1
2024-12-16,founding_day_thobe,SA,24.5
2024-12-23,founding_day_thobe,SA,22.4
2024-12-30,founding_day_thobe,SA,19.9
2025-01-06,founding_day_thobe,SA,20.5
2025-01-13,founding_day_thobe,SA,20.4
2025-01-20,founding_day_thobe,SA,20.9
2025-01-27,founding_day_thobe,SA,21.6
2025-02-03,founding_day_thobe,SA,19.8
2025-02-10,founding_day_thobe,SA,57.5
2025-02-17,founding_day_thobe,SA,88.4
2025-02-24,founding_day_thobe,SA,38.0
2025-03-03,founding_day_thobe,SA,25.3
2025-03-10,founding_day_thobe,SA,22.3
2025-03-17,founding_day_thobe,SA,22.8
2025-03-24,founding_day_thobe,SA,20.2
2025-03-31,founding_day_thobe,SA,23.3
2025-04-07,founding_day_thobe,SA,25.3
2025-04-14,founding_day_thobe,SA,22.2
2025-04-21,founding_day_thobe,SA,23.5
2025-04-28,founding_day_thobe,SA,22.4
2025-05-05,founding_day_thobe,SA,24.1
2025-05-12,founding_day_thobe,SA,25.7
2025-05-19,founding_day_thobe,SA,22.6
2025-05-26,founding_day_thobe,SA,24.2
2025-06-02,founding_day_thobe,SA,22.9
2025-06-09,founding_day_thobe,SA,24.5
2025-06-16,founding_day_thobe,SA,24.3
2025-06-23,founding_day_thobe,SA,22.5
2025-06-30,founding_day_thobe,SA,25.6
2025-07-07,founding_day_thobe,SA,22.2
2025-07-14,founding_day_thobe,SA,20.1
2025-07-21,founding_day_thobe,SA,21.9
2025-07-28,founding_day_thobe,SA,23.7
2025-08-04,founding_day_thobe,SA,23.8
2025-08-11,founding_day_thobe,SA,22.8
2025-08-18,founding_day_thobe,SA,21.8
2025-08-25,founding_day_thobe,SA,24.0
2025-09-01,founding_day_thobe,SA,22.7
2025-09-08,founding_day_thobe,SA,26.0
2025-09-15,founding_day_thobe,SA,22.2
2025-09-22,founding_day_thobe,SA,25.6
2025-09-29,founding_day_thobe,SA,24.4
2025-10-06,founding_day_thobe,SA,27.7
2025-10-13,founding_day_thobe,SA,20.2
2025-10-20,founding_day_thobe,SA,26.8
2025-10-27,founding_day_thobe,SA,24.3
2025-11-03,founding_day_thobe,SA,22.8
2025-11-10,founding_day_thobe,SA,22.5
2025-11-17,founding_day_thobe,SA,22.4
2025-11-24,founding_day_thobe,SA,23.0
2025-12-01,founding_day_thobe,SA,25.0
2025-12-08,founding_day_thobe,SA,25.5
2025-12-15,founding_day_thobe,SA,24.1
2025-12-22,founding_day_thobe,SA,25.2
2025-12-29,founding_day_thobe,SA,27.4
2026-01-05,founding_day_thobe,SA,23.3
2026-01-12,founding_day_thobe,SA,24.1
2026-01-19,founding_day_thobe,SA,27.9
2026-01-26,founding_day_thobe,SA,25.3
2026-02-02,founding_day_thobe,SA,24.2
2026-02-09,founding_day_thobe,SA,45.4
2026-02-16,founding_day_thobe,SA,100.0
2026-02-23,founding_day_thobe,SA,57.3
2026-03-02,founding_day_thobe,SA,24.9
2026-03-09,founding_day_thobe,SA,26.0
2026-03-16,founding_day_thobe,SA,22.5
2026-03-23,founding_day_thobe,SA,24.9
2026-03-30,founding_day_thobe,SA,28.0
2026-04-06,founding_day_thobe,SA,28.9
2026-04-13,founding_day_thobe,SA,28.4
2026-04-20,founding_day_thobe,SA,24.8
2024-01-01,healthy_meal_delivery,SA,53.5
2024-01-08,healthy_meal_delivery,SA,47.5
2024-01-15,healthy_meal_delivery,SA,49.1
2024-01-22,healthy_meal_delivery,SA,44.0
2024-01-29,healthy_meal_delivery,SA,51.9
2024-02-05,healthy_meal_delivery,SA,53.7
2024-02-12,healthy_meal_delivery,SA,53.2
2024-02-19,healthy_meal_delivery,SA,50.7
2024-02-26,healthy_meal_delivery,SA,54.7
2024-03-04,healthy_meal_delivery,SA,49.1
2024-03-11,healthy_meal_delivery,SA,51.9
2024-03-18,healthy_meal_delivery,SA,52.5
2024-03-25,healthy_meal_delivery,SA,51.7
2024-04-01,healthy_meal_delivery,SA,49.8
2024-04-08,healthy_meal_delivery,SA,51.6
2024-04-15,healthy_meal_delivery,SA,51.8
2024-04-22,healthy_meal_delivery,SA,53.7
2024-04-29,healthy_meal_delivery,SA,51.2
2024-05-06,healthy_meal_delivery,SA,49.0
2024-05-13,healthy_meal_delivery,SA,57.9
2024-05-20,healthy_meal_delivery,SA,50.0
2024-05-27,healthy_meal_delivery,SA,53.9
2024-06-03,healthy_meal_delivery,SA,56.3
2024-06-10,healthy_meal_delivery,SA,57.5
2024-06-17,healthy_meal_delivery,SA,51.6
2024-06-24,healthy_meal_delivery,SA,56.9
2024-07-01,healthy_meal_delivery,SA,59.6
2024-07-08,healthy_meal_delivery,SA,53.8
2024-07-15,healthy_meal_delivery,SA,57.6
2024-07-22,healthy_meal_delivery,SA,55.9
2024-07-29,healthy_meal_delivery,SA,50.3
2024-08-05,healthy_meal_delivery,SA,63.2
2024-08-12,healthy_meal_delivery,SA,54.8
2024-08-19,healthy_meal_delivery,SA,54.1
2024-08-26,healthy_meal_delivery,SA,54.1
2024-09-02,healthy_meal_delivery,SA,54.0
2024-09-09,healthy_meal_delivery,SA,59.3
2024-09-16,healthy_meal_delivery,SA,54.6
2024-09-23,healthy_meal_delivery,SA,62.2
2024-09-30,healthy_meal_delivery,SA,59.8
2024-10-07,healthy_meal_delivery,SA,56.9
2024-10-14,healthy_meal_delivery,SA,58.1
2024-10-21,healthy_meal_delivery,SA,63.0
2024-10-28,healthy_meal_delivery,SA,58.7
2024-11-04,healthy_meal_delivery,SA,65.4
2024-11-11,healthy_meal_delivery,SA,61.7
2024-11-18,healthy_meal_delivery,SA,61.2
2024-11-25,healthy_meal_delivery,SA,60.6
2024-12-02,healthy_meal_delivery,SA,61.3
2024-12-09,healthy_meal_delivery,SA,64.4
2024-12-16,healthy_meal_delivery,SA,66.0
2024-12-23,healthy_meal_delivery,SA,61.5
2024-12-30,healthy_meal_delivery,SA,67.8
2025-01-06,healthy_meal_delivery,SA,66.9
2025-01-13,healthy_meal_delivery,SA,65.7
2025-01-20,healthy_meal_delivery,SA,70.1
2025-01-27,healthy_meal_delivery,SA,67.9
2025-02-03,healthy_meal_delivery,SA,59.6
2025-02-10,healthy_meal_delivery,SA,67.6
2025-02-17,healthy_meal_delivery,SA,67.0
2025-02-24,healthy_meal_delivery,SA,67.3
2025-03-03,healthy_meal_delivery,SA,64.7
2025-03-10,healthy_meal_delivery,SA,70.6
2025-03-17,healthy_meal_delivery,SA,73.3
2025-03-24,healthy_meal_delivery,SA,69.1
2025-03-31,healthy_meal_delivery,SA,67.3
2025-04-07,healthy_meal_delivery,SA,68.0
2025-04-14,healthy_meal_delivery,SA,71.7
2025-04-21,healthy_meal_delivery,SA,65.6
2025-04-28,healthy_meal_delivery,SA,71.0
2025-05-05,healthy_meal_delivery,SA,77.7
2025-05-12,healthy_meal_delivery,SA,68.2
2025-05-19,healthy_meal_delivery,SA,71.2
2025-05-26,healthy_meal_delivery,SA,64.4
2025-06-02,healthy_meal_delivery,SA,72.8
2025-06-09,healthy_meal_delivery,SA,69.7
2025-06-16,healthy_meal_delivery,SA,74.0
2025-06-23,healthy_meal_delivery,SA,81.6
2025-06-30,healthy_meal_delivery,SA,67.3
2025-07-07,healthy_meal_delivery,SA,73.8
2025-07-14,healthy_meal_delivery,SA,73.8
2025-07-21,healthy_meal_delivery,SA,72.8
2025-07-28,healthy_meal_delivery,SA,76.4
2025-08-04,healthy_meal_delivery,SA,72.9
2025-08-11,healthy_meal_delivery,SA,80.5
2025-08-18,healthy_meal_delivery,SA,69.0
2025-08-25,healthy_meal_delivery,SA,75.7
2025-09-01,healthy_meal_delivery,SA,82.1
2025-09-08,healthy_meal_delivery,SA,72.3
2025-09-15,healthy_meal_delivery,SA,82.1
2025-09-22,healthy_meal_delivery,SA,74.6
2025-09-29,healthy_meal_delivery,SA,82.5
2025-10-06,healthy_meal_delivery,SA,85.8
2025-10-13,healthy_meal_delivery,SA,93.2
2025-10-20,healthy_meal_delivery,SA,85.2
2025-10-27,healthy_meal_delivery,SA,90.9
2025-11-03,healthy_meal_delivery,SA,82.6
2025-11-10,healthy_meal_delivery,SA,84.7
2025-11-17,healthy_meal_delivery,SA,92.3
2025-11-24,healthy_meal_delivery,SA,85.0
2025-12-01,healthy_meal_delivery,SA,83.6
2025-12-08,healthy_meal_delivery,SA,86.7
2025-12-15,healthy_meal_delivery,SA,88.7
2025-12-22,healthy_meal_delivery,SA,72.6
2025-12-29,healthy_meal_delivery,SA,76.7
2026-01-05,healthy_meal_delivery,SA,82.0
2026-01-12,healthy_meal_delivery,SA,91.6
2026-01-19,healthy_meal_delivery,SA,83.5
2026-01-26,healthy_meal_delivery,SA,89.5
2026-02-02,healthy_meal_delivery,SA,90.9
2026-02-09,healthy_meal_delivery,SA,93.9
2026-02-16,healthy_meal_delivery,SA,88.1
2026-02-23,healthy_meal_delivery,SA,91.5
2026-03-02,healthy_meal_delivery,SA,89.2
2026-03-09,healthy_meal_delivery,SA,94.3
2026-03-16,healthy_meal_delivery,SA,99.1
2026-03-23,healthy_meal_delivery,SA,97.9
2026-03-30,healthy_meal_delivery,SA,93.1
2026-04-06,healthy_meal_delivery,SA,84.7
2026-04-13,healthy_meal_delivery,SA,99.5
2026-04-20,healthy_meal_delivery,SA,100.0
2024-01-01,home_workout,SA,53.4
2024-01-08,home_workout,SA,54.3
2024-01-15,home_workout,SA,50.1
2024-01-22,home_workout,SA,44.2
2024-01-29,home_workout,SA,41.0
2024-02-05,home_workout,SA,51.5
2024-02-12,home_workout,SA,47.7
2024-02-19,home_workout,SA,52.3
2024-02-26,home_workout,SA,50.6
2024-03-04,home_workout,SA,50.3
2024-03-11,home_workout,SA,51.9
2024-03-18,home_workout,SA,47.6
2024-03-25,home_workout,SA,49.8
2024-04-01,home_workout,SA,52.0
2024-04-08,home_workout,SA,45.1
2024-04-15,home_workout,SA,55.9
2024-04-22,home_workout,SA,46.1
2024-04-29,home_workout,SA,52.4
2024-05-06,home_workout,SA,49.8
2024-05-13,home_workout,SA,51.8
2024-05-20,home_workout,SA,53.1
2024-05-27,home_workout,SA,46.2
2024-06-03,home_workout,SA,58.9
2024-06-10,home_workout,SA,50.7
2024-06-17,home_workout,SA,59.6
2024-06-24,home_workout,SA,54.6
2024-07-01,home_workout,SA,55.8
2024-07-08,home_workout,SA,54.1
2024-07-15,home_workout,SA,53.9
2024-07-22,home_workout,SA,51.7
2024-07-29,home_workout,SA,56.5
2024-08-05,home_workout,SA,54.4
2024-08-12,home_workout,SA,51.4
2024-08-19,home_workout,SA,62.4
2024-08-26,home_workout,SA,58.1
2024-09-02,home_workout,SA,58.7
2024-09-09,home_workout,SA,51.6
2024-09-16,home_workout,SA,53.9
2024-09-23,home_workout,SA,63.2
2024-09-30,home_workout,SA,52.4
2024-10-07,home_workout,SA,61.1
2024-10-14,home_workout,SA,52.4
2024-10-21,home_workout,SA,58.2
2024-10-28,home_workout,SA,59.3
2024-11-04,home_workout,SA,63.5
2024-11-11,home_workout,SA,68.5
2024-11-18,home_workout,SA,54.1
2024-11-25,home_workout,SA,60.3
2024-12-02,home_workout,SA,57.4
2024-12-09,home_workout,SA,62.4
2024-12-16,home_workout,SA,61.3
2024-12-23,home_workout,SA,59.6
2024-12-30,home_workout,SA,54.1
2025-01-06,home_workout,SA,63.8
2025-01-13,home_workout,SA,61.6
2025-01-20,home_workout,SA,62.2
2025-01-27,home_workout,SA,57.9
2025-02-03,home_workout,SA,56.3
2025-02-10,home_workout,SA,68.1
2025-02-17,home_workout,SA,52.4
2025-02-24,home_workout,SA,56.4
2025-03-03,home_workout,SA,64.2
2025-03-10,home_workout,SA,65.3
2025-03-17,home_workout,SA,66.4
2025-03-24,home_workout,SA,64.0
2025-03-31,home_workout,SA,57.9
2025-04-07,home_workout,SA,64.0
2025-04-14,home_workout,SA,67.3
2025-04-21,home_workout,SA,60.9
2025-04-28,home_workout,SA,59.1
2025-05-05,home_workout,SA,69.2
2025-05-12,home_workout,SA,67.2
2025-05-19,home_workout,SA,65.8
2025-05-26,home_workout,SA,65.7
2025-06-02,home_workout,SA,72.6
2025-06-09,home_workout,SA,69.3
2025-06-16,home_workout,SA,68.1
2025-06-23,home_workout,SA,59.7
2025-06-30,home_workout,SA,63.0
2025-07-07,home_workout,SA,70.7
2025-07-14,home_workout,SA,71.1
2025-07-21,home_workout,SA,64.4
2025-07-28,home_workout,SA,65.7
2025-08-04,home_workout,SA,65.2
2025-08-11,home_workout,SA,68.4
2025-08-18,home_workout,SA,70.8
2025-08-25,home_workout,SA,68.9
2025-09-01,home_workout,SA,65.3
2025-09-08,home_workout,SA,71.3
2025-09-15,home_workout,SA,73.3
2025-09-22,home_workout,SA,69.0
2025-09-29,home_workout,SA,86.6
2025-10-06,home_workout,SA,64.0
2025-10-13,home_workout,SA,67.2
2025-10-20,home_workout,SA,75.4
2025-10-27,home_workout,SA,71.9
2025-11-03,home_workout,SA,68.8
2025-11-10,home_workout,SA,73.2
2025-11-17,home_workout,SA,74.2
2025-11-24,home_workout,SA,62.0
2025-12-01,home_workout,SA,80.0
2025-12-08,home_workout,SA,71.6
2025-12-15,home_workout,SA,69.1
2025-12-22,home_workout,SA,75.0
2025-12-29,home_workout,SA,76.0
2026-01-05,home_workout,SA,68.9
2026-01-12,home_workout,SA,73.7
2026-01-19,home_workout,SA,71.9
2026-01-26,home_workout,SA,81.1
2026-02-02,home_workout,SA,66.9
2026-02-09,home_workout,SA,87.6
2026-02-16,home_workout,SA,84.9
2026-02-23,home_workout,SA,81.2
2026-03-02,home_workout,SA,80.7
2026-03-09,home_workout,SA,84.3
2026-03-16,home_workout,SA,77.7
2026-03-23,home_workout,SA,67.1
2026-03-30,home_workout,SA,100.0
2026-04-06,home_workout,SA,80.1
2026-04-13,home_workout,SA,82.6
2026-04-20,home_workout,SA,84.8
2024-01-01,ihram,SA,26.6
2024-01-08,ihram,SA,23.7
2024-01-15,ihram,SA,23.4
2024-01-22,ihram,SA,24.1
2024-01-29,ihram,SA,21.3
2024-02-05,ihram,SA,24.3
2024-02-12,ihram,SA,23.4
2024-02-19,ihram,SA,21.5
2024-02-26,ihram,SA,22.6
2024-03-04,ihram,SA,21.8
2024-03-11,ihram,SA,25.4
2024-03-18,ihram,SA,21.5
2024-03-25,ihram,SA,22.6
2024-04-01,ihram,SA,19.7
2024-04-08,ihram,SA,22.8
2024-04-15,ihram,SA,20.9
2024-04-22,ihram,SA,25.9
2024-04-29,ihram,SA,24.8
2024-05-06,ihram,SA,22.3
2024-05-13,ihram,SA,24.0
2024-05-20,ihram,SA,23.4
2024-05-27,ihram,SA,22.1
2024-06-03,ihram,SA,27.9
2024-06-10,ihram,SA,94.1
2024-06-17,ihram,SA,47.8
2024-06-24,ihram,SA,24.6
2024-07-01,ihram,SA,21.6
2024-07-08,ihram,SA,23.0
2024-07-15,ihram,SA,24.4
2024-07-22,ihram,SA,21.4
2024-07-29,ihram,SA,20.8
2024-08-05,ihram,SA,20.2
2024-08-12,ihram,SA,23.4
2024-08-19,ihram,SA,21.9
2024-08-26,ihram,SA,22.3
2024-09-02,ihram,SA,23.0
2024-09-09,ihram,SA,21.9
2024-09-16,ihram,SA,21.5
2024-09-23,ihram,SA,24.0
2024-09-30,ihram,SA,24.7
2024-10-07,ihram,SA,23.1
2024-10-14,ihram,SA,22.8
2024-10-21,ihram,SA,25.8
2024-10-28,ihram,SA,25.3
2024-11-04,ihram,SA,23.8
2024-11-11,ihram,SA,26.2
2024-11-18,ihram,SA,22.8
2024-11-25,ihram,SA,20.8
2024-12-02,ihram,SA,22.5
2024-12-09,ihram,SA,24.6
2024-12-16,ihram,SA,22.1
2024-12-23,ihram,SA,23.1
2024-12-30,ihram,SA,24.1
2025-01-06,ihram,SA,22.0
2025-01-13,ihram,SA,26.1
2025-01-20,ihram,SA,22.1
2025-01-27,ihram,SA,22.5
2025-02-03,ihram,SA,26.1
2025-02-10,ihram,SA,22.0
2025-02-17,ihram,SA,25.4
2025-02-24,ihram,SA,25.1
2025-03-03,ihram,SA,25.7
2025-03-10,ihram,SA,24.3
2025-03-17,ihram,SA,19.4
2025-03-24,ihram,SA,26.6
2025-03-31,ihram,SA,24.8
2025-04-07,ihram,SA,25.3
2025-04-14,ihram,SA,24.4
2025-04-21,ihram,SA,22.1
2025-04-28,ihram,SA,24.2
2025-05-05,ihram,SA,21.9
2025-05-12,ihram,SA,19.3
2025-05-19,ihram,SA,21.5
2025-05-26,ihram,SA,44.8
2025-06-02,ihram,SA,100.0
2025-06-09,ihram,SA,23.6
2025-06-16,ihram,SA,23.1
2025-06-23,ihram,SA,25.0
2025-06-30,ihram,SA,21.9
2025-07-07,ihram,SA,18.9
2025-07-14,ihram,SA,23.7
2025-07-21,ihram,SA,21.2
2025-07-28,ihram,SA,25.3
2025-08-04,ihram,SA,22.0
2025-08-11,ihram,SA,21.6
2025-08-18,ihram,SA,27.8
2025-08-25,ihram,SA,25.1
2025-09-01,ihram,SA,20.8
2025-09-08,ihram,SA,23.0
2025-09-15,ihram,SA,24.1
2025-09-22,ihram,SA,22.0
2025-09-29,ihram,SA,20.7
2025-10-06,ihram,SA,22.8
2025-10-13,ihram,SA,22.4
2025-10-20,ihram,SA,23.3
2025-10-27,ihram,SA,21.8
2025-11-03,ihram,SA,24.2
2025-11-10,ihram,SA,27.2
2025-11-17,ihram,SA,22.4
2025-11-24,ihram,SA,22.6
2025-12-01,ihram,SA,20.8
2025-12-08,ihram,SA,25.4
2025-12-15,ihram,SA,24.3
2025-12-22,ihram,SA,20.2
2025-12-29,ihram,SA,22.1
2026-01-05,ihram,SA,22.4
2026-01-12,ihram,SA,22.7
2026-01-19,ihram,SA,24.3
2026-01-26,ihram,SA,21.2
2026-02-02,ihram,SA,22.0
2026-02-09,ihram,SA,24.3
2026-02-16,ihram,SA,21.9
2026-02-23,ihram,SA,22.4
2026-03-02,ihram,SA,20.2
2026-03-09,ihram,SA,25.1
2026-03-16,ihram,SA,22.4
2026-03-23,ihram,SA,22.9
2026-03-30,ihram,SA,20.4
2026-04-06,ihram,SA,24.5
2026-04-13,ihram,SA,24.0
2026-04-20,ihram,SA,21.1
2024-01-01,ksa_flag_merch,SA,20.2
2024-01-08,ksa_flag_merch,SA,19.3
2024-01-15,ksa_flag_merch,SA,20.2
2024-01-22,ksa_flag_merch,SA,22.3
2024-01-29,ksa_flag_merch,SA,20.9
2024-02-05,ksa_flag_merch,SA,19.1
2024-02-12,ksa_flag_merch,SA,21.2
2024-02-19,ksa_flag_merch,SA,21.1
2024-02-26,ksa_flag_merch,SA,19.6
2024-03-04,ksa_flag_merch,SA,20.5
2024-03-11,ksa_flag_merch,SA,19.5
2024-03-18,ksa_flag_merch,SA,21.6
2024-03-25,ksa_flag_merch,SA,18.3
2024-04-01,ksa_flag_merch,SA,19.6
2024-04-08,ksa_flag_merch,SA,22.4
2024-04-15,ksa_flag_merch,SA,20.1
2024-04-22,ksa_flag_merch,SA,21.3
2024-04-29,ksa_flag_merch,SA,21.2
2024-05-06,ksa_flag_merch,SA,20.7
2024-05-13,ksa_flag_merch,SA,19.7
2024-05-20,ksa_flag_merch,SA,19.1
2024-05-27,ksa_flag_merch,SA,20.4
2024-06-03,ksa_flag_merch,SA,22.2
2024-06-10,ksa_flag_merch,SA,22.0
2024-06-17,ksa_flag_merch,SA,22.1
2024-06-24,ksa_flag_merch,SA,18.0
2024-07-01,ksa_flag_merch,SA,20.0
2024-07-08,ksa_flag_merch,SA,17.9
2024-07-15,ksa_flag_merch,SA,21.9
2024-07-22,ksa_flag_merch,SA,20.7
2024-07-29,ksa_flag_merch,SA,19.0
2024-08-05,ksa_flag_merch,SA,20.8
2024-08-12,ksa_flag_merch,SA,20.3
2024-08-19,ksa_flag_merch,SA,20.5
2024-08-26,ksa_flag_merch,SA,20.2
2024-09-02,ksa_flag_merch,SA,19.9
2024-09-09,ksa_flag_merch,SA,40.7
2024-09-16,ksa_flag_merch,SA,100.0
2024-09-23,ksa_flag_merch,SA,43.2
2024-09-30,ksa_flag_merch,SA,22.4
2024-10-07,ksa_flag_merch,SA,21.0
2024-10-14,ksa_flag_merch,SA,23.0
2024-10-21,ksa_flag_merch,SA,22.6
2024-10-28,ksa_flag_merch,SA,20.5
2024-11-04,ksa_flag_merch,SA,21.6
2024-11-11,ksa_flag_merch,SA,22.4
2024-11-18,ksa_flag_merch,SA,22.4
2024-11-25,ksa_flag_merch,SA,22.2
2024-12-02,ksa_flag_merch,SA,22.4
2024-12-09,ksa_flag_merch,SA,20.7
2024-12-16,ksa_flag_merch,SA,21.4
2024-12-23,ksa_flag_merch,SA,22.0
2024-12-30,ksa_flag_merch,SA,23.8
2025-01-06,ksa_flag_merch,SA,20.1
2025-01-13,ksa_flag_merch,SA,22.0
2025-01-20,ksa_flag_merch,SA,18.8
2025-01-27,ksa_flag_merch,SA,20.3
2025-02-03,ksa_flag_merch,SA,21.8
2025-02-10,ksa_flag_merch,SA,20.6
2025-02-17,ksa_flag_merch,SA,21.1
2025-02-24,ksa_flag_merch,SA,20.7
2025-03-03,ksa_flag_merch,SA,23.0
2025-03-10,ksa_flag_merch,SA,20.5
2025-03-17,ksa_flag_merch,SA,21.5
2025-03-24,ksa_flag_merch,SA,21.6
2025-03-31,ksa_flag_merch,SA,23.4
2025-04-07,ksa_flag_merch,SA,22.3
2025-04-14,ksa_flag_merch,SA,21.3
2025-04-21,ksa_flag_merch,SA,23.6
2025-04-28,ksa_flag_merch,SA,21.0
2025-05-05,ksa_flag_merch,SA,21.6
2025-05-12,ksa_flag_merch,SA,21.1
2025-05-19,ksa_flag_merch,SA,22.0
2025-05-26,ksa_flag_merch,SA,20.9
2025-06-02,ksa_flag_merch,SA,18.5
2025-06-09,ksa_flag_merch,SA,21.9
2025-06-16,ksa_flag_merch,SA,22.7
2025-06-23,ksa_flag_merch,SA,23.7
2025-06-30,ksa_flag_merch,SA,21.3
2025-07-07,ksa_flag_merch,SA,20.1
2025-07-14,ksa_flag_merch,SA,21.7
2025-07-21,ksa_flag_merch,SA,21.2
2025-07-28,ksa_flag_merch,SA,20.0
2025-08-04,ksa_flag_merch,SA,20.9
2025-08-11,ksa_flag_merch,SA,22.4
2025-08-18,ksa_flag_merch,SA,21.2
2025-08-25,ksa_flag_merch,SA,21.2
2025-09-01,ksa_flag_merch,SA,20.6
2025-09-08,ksa_flag_merch,SA,39.1
2025-09-15,ksa_flag_merch,SA,89.5
2025-09-22,ksa_flag_merch,SA,70.1
2025-09-29,ksa_flag_merch,SA,21.9
2025-10-06,ksa_flag_merch,SA,21.5
2025-10-13,ksa_flag_merch,SA,23.0
2025-10-20,ksa_flag_merch,SA,24.0
2025-10-27,ksa_flag_merch,SA,23.0
2025-11-03,ksa_flag_merch,SA,21.2
2025-11-10,ksa_flag_merch,SA,23.8
2025-11-17,ksa_flag_merch,SA,23.8
2025-11-24,ksa_flag_merch,SA,22.8
2025-12-01,ksa_flag_merch,SA,23.8
2025-12-08,ksa_flag_merch,SA,21.5
2025-12-15,ksa_flag_merch,SA,22.4
2025-12-22,ksa_flag_merch,SA,22.6
2025-12-29,ksa_flag_merch,SA,22.1
2026-01-05,ksa_flag_merch,SA,22.0
2026-01-12,ksa_flag_merch,SA,22.7
2026-01-19,ksa_flag_merch,SA,22.0
2026-01-26,ksa_flag_merch,SA,21.3
2026-02-02,ksa_flag_merch,SA,20.5
2026-02-09,ksa_flag_merch,SA,23.0
2026-02-16,ksa_flag_merch,SA,23.0
2026-02-23,ksa_flag_merch,SA,20.7
2026-03-02,ksa_flag_merch,SA,23.1
2026-03-09,ksa_flag_merch,SA,22.4
2026-03-16,ksa_flag_merch,SA,23.7
2026-03-23,ksa_flag_merch,SA,21.7
2026-03-30,ksa_flag_merch,SA,21.6
2026-04-06,ksa_flag_merch,SA,23.6
2026-04-13,ksa_flag_merch,SA,20.9
2026-04-20,ksa_flag_merch,SA,20.6
2024-01-01,matcha,SA,14.7
2024-01-08,matcha,SA,14.7
2024-01-15,matcha,SA,16.1
2024-01-22,matcha,SA,16.9
2024-01-29,matcha,SA,15.5
2024-02-05,matcha,SA,18.4
2024-02-12,matcha,SA,15.3
2024-02-19,matcha,SA,18.1
2024-02-26,matcha,SA,15.9
2024-03-04,matcha,SA,16.1
2024-03-11,matcha,SA,15.0
2024-03-18,matcha,SA,17.7
2024-03-25,matcha,SA,17.4
2024-04-01,matcha,SA,16.7
2024-04-08,matcha,SA,18.9
2024-04-15,matcha,SA,18.2
2024-04-22,matcha,SA,19.2
2024-04-29,matcha,SA,16.7
2024-05-06,matcha,SA,18.0
2024-05-13,matcha,SA,17.7
2024-05-20,matcha,SA,23.5
2024-05-27,matcha,SA,21.3
2024-06-03,matcha,SA,24.2
2024-06-10,matcha,SA,25.3
2024-06-17,matcha,SA,20.7
2024-06-24,matcha,SA,19.3
2024-07-01,matcha,SA,19.8
2024-07-08,matcha,SA,21.1
2024-07-15,matcha,SA,21.6
2024-07-22,matcha,SA,23.4
2024-07-29,matcha,SA,24.9
2024-08-05,matcha,SA,20.7
2024-08-12,matcha,SA,22.9
2024-08-19,matcha,SA,23.5
2024-08-26,matcha,SA,24.3
2024-09-02,matcha,SA,25.8
2024-09-09,matcha,SA,27.5
2024-09-16,matcha,SA,32.7
2024-09-23,matcha,SA,26.3
2024-09-30,matcha,SA,31.3
2024-10-07,matcha,SA,23.9
2024-10-14,matcha,SA,27.7
2024-10-21,matcha,SA,23.6
2024-10-28,matcha,SA,24.5
2024-11-04,matcha,SA,27.5
2024-11-11,matcha,SA,33.1
2024-11-18,matcha,SA,29.8
2024-11-25,matcha,SA,31.1
2024-12-02,matcha,SA,26.6
2024-12-09,matcha,SA,27.0
2024-12-16,matcha,SA,24.9
2024-12-23,matcha,SA,34.3
2024-12-30,matcha,SA,34.2
2025-01-06,matcha,SA,32.8
2025-01-13,matcha,SA,37.6
2025-01-20,matcha,SA,35.6
2025-01-27,matcha,SA,34.3
2025-02-03,matcha,SA,35.3
2025-02-10,matcha,SA,37.6
2025-02-17,matcha,SA,31.8
2025-02-24,matcha,SA,35.5
2025-03-03,matcha,SA,35.3
2025-03-10,matcha,SA,34.5
2025-03-17,matcha,SA,40.3
2025-03-24,matcha,SA,42.9
2025-03-31,matcha,SA,36.5
2025-04-07,matcha,SA,33.7
2025-04-14,matcha,SA,40.5
2025-04-21,matcha,SA,40.7
2025-04-28,matcha,SA,41.0
2025-05-05,matcha,SA,42.4
2025-05-12,matcha,SA,37.8
2025-05-19,matcha,SA,42.1
2025-05-26,matcha,SA,40.6
2025-06-02,matcha,SA,49.4
2025-06-09,matcha,SA,43.5
2025-06-16,matcha,SA,51.4
2025-06-23,matcha,SA,48.9
2025-06-30,matcha,SA,46.7
2025-07-07,matcha,SA,47.5
2025-07-14,matcha,SA,46.4
2025-07-21,matcha,SA,54.0
2025-07-28,matcha,SA,61.9
2025-08-04,matcha,SA,52.4
2025-08-11,matcha,SA,54.7
2025-08-18,matcha,SA,60.8
2025-08-25,matcha,SA,53.6
2025-09-01,matcha,SA,57.0
2025-09-08,matcha,SA,66.6
2025-09-15,matcha,SA,55.2
2025-09-22,matcha,SA,58.2
2025-09-29,matcha,SA,64.6
2025-10-06,matcha,SA,57.6
2025-10-13,matcha,SA,68.5
2025-10-20,matcha,SA,64.1
2025-10-27,matcha,SA,67.4
2025-11-03,matcha,SA,64.1
2025-11-10,matcha,SA,70.6
2025-11-17,matcha,SA,70.7
2025-11-24,matcha,SA,60.5
2025-12-01,matcha,SA,65.3
2025-12-08,matcha,SA,69.1
2025-12-15,matcha,SA,64.5
2025-12-22,matcha,SA,62.4
2025-12-29,matcha,SA,70.7
2026-01-05,matcha,SA,56.9
2026-01-12,matcha,SA,89.2
2026-01-19,matcha,SA,75.1
2026-01-26,matcha,SA,82.3
2026-02-02,matcha,SA,85.3
2026-02-09,matcha,SA,76.8
2026-02-16,matcha,SA,75.4
2026-02-23,matcha,SA,85.9
2026-03-02,matcha,SA,84.0
2026-03-09,matcha,SA,84.9
2026-03-16,matcha,SA,93.5
2026-03-23,matcha,SA,100.0
2026-03-30,matcha,SA,88.8
2026-04-06,matcha,SA,87.7
2026-04-13,matcha,SA,78.3
2026-04-20,matcha,SA,75.7
2024-01-01,milk,SA,85.5
2024-01-08,milk,SA,90.5
2024-01-15,milk,SA,83.7
2024-01-22,milk,SA,96.6
2024-01-29,milk,SA,88.3
2024-02-05,milk,SA,85.5
2024-02-12,milk,SA,95.4
2024-02-19,milk,SA,91.6
2024-02-26,milk,SA,92.7
2024-03-04,milk,SA,84.3
2024-03-11,milk,SA,87.9
2024-03-18,milk,SA,81.5
2024-03-25,milk,SA,90.0
2024-04-01,milk,SA,82.8
2024-04-08,milk,SA,90.3
2024-04-15,milk,SA,82.6
2024-04-22,milk,SA,89.3
2024-04-29,milk,SA,91.4
2024-05-06,milk,SA,91.0
2024-05-13,milk,SA,83.8
2024-05-20,milk,SA,82.0
2024-05-27,milk,SA,89.0
2024-06-03,milk,SA,91.5
2024-06-10,milk,SA,84.8
2024-06-17,milk,SA,91.1
2024-06-24,milk,SA,83.7
2024-07-01,milk,SA,85.7
2024-07-08,milk,SA,90.8
2024-07-15,milk,SA,91.2
2024-07-22,milk,SA,90.8
2024-07-29,milk,SA,83.4
2024-08-05,milk,SA,86.3
2024-08-12,milk,SA,89.0
2024-08-19,milk,SA,91.0
2024-08-26,milk,SA,86.8
2024-09-02,milk,SA,94.8
2024-09-09,milk,SA,82.9
2024-09-16,milk,SA,87.2
2024-09-23,milk,SA,82.5
2024-09-30,milk,SA,87.1
2024-10-07,milk,SA,91.3
2024-10-14,milk,SA,94.1
2024-10-21,milk,SA,90.2
2024-10-28,milk,SA,89.8
2024-11-04,milk,SA,89.5
2024-11-11,milk,SA,94.1
2024-11-18,milk,SA,88.5
2024-11-25,milk,SA,85.8
2024-12-02,milk,SA,90.8
2024-12-09,milk,SA,86.5
2024-12-16,milk,SA,91.9
2024-12-23,milk,SA,90.0
2024-12-30,milk,SA,89.7
2025-01-06,milk,SA,90.6
2025-01-13,milk,SA,87.1
2025-01-20,milk,SA,83.9
2025-01-27,milk,SA,89.1
2025-02-03,milk,SA,90.0
2025-02-10,milk,SA,94.3
2025-02-17,milk,SA,84.4
2025-02-24,milk,SA,88.0
2025-03-03,milk,SA,86.4
2025-03-10,milk,SA,87.6
2025-03-17,milk,SA,94.3
2025-03-24,milk,SA,85.0
2025-03-31,milk,SA,85.4
2025-04-07,milk,SA,85.6
2025-04-14,milk,SA,87.9
2025-04-21,milk,SA,93.2
2025-04-28,milk,SA,87.6
2025-05-05,milk,SA,92.2
2025-05-12,milk,SA,90.6
2025-05-19,milk,SA,85.3
2025-05-26,milk,SA,92.5
2025-06-02,milk,SA,86.8
2025-06-09,milk,SA,86.7
2025-06-16,milk,SA,93.5
2025-06-23,milk,SA,88.0
2025-06-30,milk,SA,88.5
2025-07-07,milk,SA,89.5
2025-07-14,milk,SA,85.8
2025-07-21,milk,SA,93.6
2025-07-28,milk,SA,88.3
2025-08-04,milk,SA,88.3
2025-08-11,milk,SA,89.4
2025-08-18,milk,SA,85.4
2025-08-25,milk,SA,91.0
2025-09-01,milk,SA,88.9
2025-09-08,milk,SA,86.8
2025-09-15,milk,SA,85.4
2025-09-22,milk,SA,94.1
2025-09-29,milk,SA,84.7
2025-10-06,milk,SA,89.1
2025-10-13,milk,SA,88.5
2025-10-20,milk,SA,87.2
2025-10-27,milk,SA,87.4
2025-11-03,milk,SA,83.8
2025-11-10,milk,SA,92.4
2025-11-17,milk,SA,90.8
2025-11-24,milk,SA,92.1
2025-12-01,milk,SA,97.0
2025-12-08,milk,SA,85.2
2025-12-15,milk,SA,92.7
2025-12-22,milk,SA,90.6
2025-12-29,milk,SA,88.9
2026-01-05,milk,SA,90.9
2026-01-12,milk,SA,92.3
2026-01-19,milk,SA,88.5
2026-01-26,milk,SA,100.0
2026-02-02,milk,SA,92.6
2026-02-09,milk,SA,84.0
2026-02-16,milk,SA,89.6
2026-02-23,milk,SA,88.2
2026-03-02,milk,SA,87.0
2026-03-09,milk,SA,88.0
2026-03-16,milk,SA,87.6
2026-03-23,milk,SA,85.2
2026-03-30,milk,SA,86.4
2026-04-06,milk,SA,95.6
2026-04-13,milk,SA,89.7
2026-04-20,milk,SA,93.3
2024-01-01,padel,SA,25.7
2024-01-08,padel,SA,23.3
2024-01-15,padel,SA,22.1
2024-01-22,padel,SA,27.7
2024-01-29,padel,SA,24.6
2024-02-05,padel,SA,26.7
2024-02-12,padel,SA,26.8
2024-02-19,padel,SA,26.5
2024-02-26,padel,SA,23.2
2024-03-04,padel,SA,26.8
2024-03-11,padel,SA,27.5
2024-03-18,padel,SA,24.1
2024-03-25,padel,SA,28.9
2024-04-01,padel,SA,25.8
2024-04-08,padel,SA,29.2
2024-04-15,padel,SA,28.8
2024-04-22,padel,SA,28.4
2024-04-29,padel,SA,30.7
2024-05-06,padel,SA,31.0
2024-05-13,padel,SA,26.2
2024-05-20,padel,SA,27.3
2024-05-27,padel,SA,28.5
2024-06-03,padel,SA,29.1
2024-06-10,padel,SA,32.3
2024-06-17,padel,SA,33.4
2024-06-24,padel,SA,28.0
2024-07-01,padel,SA,33.9
2024-07-08,padel,SA,30.5
2024-07-15,padel,SA,30.5
2024-07-22,padel,SA,36.6
2024-07-29,padel,SA,32.0
2024-08-05,padel,SA,31.8
2024-08-12,padel,SA,28.4
2024-08-19,padel,SA,34.3
2024-08-26,padel,SA,34.4
2024-09-02,padel,SA,34.4
2024-09-09,padel,SA,33.6
2024-09-16,padel,SA,32.4
2024-09-23,padel,SA,34.3
2024-09-30,padel,SA,33.7
2024-10-07,padel,SA,36.8
2024-10-14,padel,SA,35.2
2024-10-21,padel,SA,38.0
2024-10-28,padel,SA,40.9
2024-11-04,padel,SA,33.9
2024-11-11,padel,SA,41.4
2024-11-18,padel,SA,36.5
2024-11-25,padel,SA,41.0
2024-12-02,padel,SA,41.2
2024-12-09,padel,SA,38.2
2024-12-16,padel,SA,40.3
2024-12-23,padel,SA,40.8
2024-12-30,padel,SA,39.3
2025-01-06,padel,SA,41.2
2025-01-13,padel,SA,43.5
2025-01-20,padel,SA,38.5
2025-01-27,padel,SA,40.7
2025-02-03,padel,SA,41.3
2025-02-10,padel,SA,46.3
2025-02-17,padel,SA,41.2
2025-02-24,padel,SA,42.7
2025-03-03,padel,SA,49.1
2025-03-10,padel,SA,52.9
2025-03-17,padel,SA,49.5
2025-03-24,padel,SA,49.4
2025-03-31,padel,SA,42.4
2025-04-07,padel,SA,43.1
2025-04-14,padel,SA,47.4
2025-04-21,padel,SA,49.2
2025-04-28,padel,SA,47.0
2025-05-05,padel,SA,46.3
2025-05-12,padel,SA,56.0
2025-05-19,padel,SA,46.0
2025-05-26,padel,SA,50.6
2025-06-02,padel,SA,58.5
2025-06-09,padel,SA,51.6
2025-06-16,padel,SA,56.3
2025-06-23,padel,SA,54.9
2025-06-30,padel,SA,53.8
2025-07-07,padel,SA,56.1
2025-07-14,padel,SA,54.9
2025-07-21,padel,SA,58.1
2025-07-28,padel,SA,54.1
2025-08-04,padel,SA,56.4
2025-08-11,padel,SA,56.1
2025-08-18,padel,SA,61.2
2025-08-25,padel,SA,55.8
2025-09-01,padel,SA,58.6
2025-09-08,padel,SA,61.2
2025-09-15,padel,SA,60.7
2025-09-22,padel,SA,63.9
2025-09-29,padel,SA,63.9
2025-10-06,padel,SA,68.2
2025-10-13,padel,SA,60.2
2025-10-20,padel,SA,59.3
2025-10-27,padel,SA,65.4
2025-11-03,padel,SA,66.6
2025-11-10,padel,SA,63.5
2025-11-17,padel,SA,65.6
2025-11-24,padel,SA,70.3
2025-12-01,padel,SA,68.3
2025-12-08,padel,SA,66.7
2025-12-15,padel,SA,70.2
2025-12-22,padel,SA,72.0
2025-12-29,padel,SA,72.3
2026-01-05,padel,SA,75.6
2026-01-12,padel,SA,68.3
2026-01-19,padel,SA,69.4
2026-01-26,padel,SA,72.7
2026-02-02,padel,SA,64.5
2026-02-09,padel,SA,81.5
2026-02-16,padel,SA,92.4
2026-02-23,padel,SA,91.2
2026-03-02,padel,SA,74.1
2026-03-09,padel,SA,96.6
2026-03-16,padel,SA,85.8
2026-03-23,padel,SA,93.2
2026-03-30,padel,SA,75.1
2026-04-06,padel,SA,83.9
2026-04-13,padel,SA,100.0
2026-04-20,padel,SA,90.1
2024-01-01,qamar_al_deen,SA,12.0
2024-01-08,qamar_al_deen,SA,14.4
2024-01-15,qamar_al_deen,SA,13.3
2024-01-22,qamar_al_deen,SA,12.0
2024-01-29,qamar_al_deen,SA,12.1
2024-02-05,qamar_al_deen,SA,11.7
2024-02-12,qamar_al_deen,SA,11.2
2024-02-19,qamar_al_deen,SA,13.2
2024-02-26,qamar_al_deen,SA,12.7
2024-03-04,qamar_al_deen,SA,55.9
2024-03-11,qamar_al_deen,SA,30.5
2024-03-18,qamar_al_deen,SA,66.1
2024-03-25,qamar_al_deen,SA,85.2
2024-04-01,qamar_al_deen,SA,37.5
2024-04-08,qamar_al_deen,SA,12.9
2024-04-15,qamar_al_deen,SA,10.9
2024-04-22,qamar_al_deen,SA,14.2
2024-04-29,qamar_al_deen,SA,12.7
2024-05-06,qamar_al_deen,SA,12.6
2024-05-13,qamar_al_deen,SA,13.0
2024-05-20,qamar_al_deen,SA,12.3
2024-05-27,qamar_al_deen,SA,13.2
2024-06-03,qamar_al_deen,SA,11.1
2024-06-10,qamar_al_deen,SA,12.5
2024-06-17,qamar_al_deen,SA,10.6
2024-06-24,qamar_al_deen,SA,13.5
2024-07-01,qamar_al_deen,SA,13.8
2024-07-08,qamar_al_deen,SA,11.1
2024-07-15,qamar_al_deen,SA,13.5
2024-07-22,qamar_al_deen,SA,13.0
2024-07-29,qamar_al_deen,SA,13.5
2024-08-05,qamar_al_deen,SA,12.0
2024-08-12,qamar_al_deen,SA,13.0
2024-08-19,qamar_al_deen,SA,10.4
2024-08-26,qamar_al_deen,SA,12.5
2024-09-02,qamar_al_deen,SA,12.5
2024-09-09,qamar_al_deen,SA,10.1
2024-09-16,qamar_al_deen,SA,11.1
2024-09-23,qamar_al_deen,SA,13.7
2024-09-30,qamar_al_deen,SA,12.3
2024-10-07,qamar_al_deen,SA,11.1
2024-10-14,qamar_al_deen,SA,12.4
2024-10-21,qamar_al_deen,SA,13.5
2024-10-28,qamar_al_deen,SA,12.8
2024-11-04,qamar_al_deen,SA,11.7
2024-11-11,qamar_al_deen,SA,11.5
2024-11-18,qamar_al_deen,SA,11.4
2024-11-25,qamar_al_deen,SA,13.5
2024-12-02,qamar_al_deen,SA,14.3
2024-12-09,qamar_al_deen,SA,13.5
2024-12-16,qamar_al_deen,SA,11.7
2024-12-23,qamar_al_deen,SA,14.0
2024-12-30,qamar_al_deen,SA,12.1
2025-01-06,qamar_al_deen,SA,13.8
2025-01-13,qamar_al_deen,SA,11.9
2025-01-20,qamar_al_deen,SA,12.4
2025-01-27,qamar_al_deen,SA,12.0
2025-02-03,qamar_al_deen,SA,10.8
2025-02-10,qamar_al_deen,SA,12.7
2025-02-17,qamar_al_deen,SA,17.2
2025-02-24,qamar_al_deen,SA,51.4
2025-03-03,qamar_al_deen,SA,42.7
2025-03-10,qamar_al_deen,SA,89.3
2025-03-17,qamar_al_deen,SA,69.0
2025-03-24,qamar_al_deen,SA,30.1
2025-03-31,qamar_al_deen,SA,12.0
2025-04-07,qamar_al_deen,SA,13.6
2025-04-14,qamar_al_deen,SA,11.8
2025-04-21,qamar_al_deen,SA,12.6
2025-04-28,qamar_al_deen,SA,12.3
2025-05-05,qamar_al_deen,SA,13.3
2025-05-12,qamar_al_deen,SA,10.8
2025-05-19,qamar_al_deen,SA,11.4
2025-05-26,qamar_al_deen,SA,11.9
2025-06-02,qamar_al_deen,SA,12.4
2025-06-09,qamar_al_deen,SA,13.3
2025-06-16,qamar_al_deen,SA,13.5
2025-06-23,qamar_al_deen,SA,12.0
2025-06-30,qamar_al_deen,SA,12.9
2025-07-07,qamar_al_deen,SA,12.1
2025-07-14,qamar_al_deen,SA,11.5
2025-07-21,qamar_al_deen,SA,14.5
2025-07-28,qamar_al_deen,SA,14.0
2025-08-04,qamar_al_deen,SA,15.7
2025-08-11,qamar_al_deen,SA,13.5
2025-08-18,qamar_al_deen,SA,13.1
2025-08-25,qamar_al_deen,SA,12.9
2025-09-01,qamar_al_deen,SA,11.5
2025-09-08,qamar_al_deen,SA,11.9
2025-09-15,qamar_al_deen,SA,12.8
2025-09-22,qamar_al_deen,SA,13.6
2025-09-29,qamar_al_deen,SA,13.0
2025-10-06,qamar_al_deen,SA,12.8
2025-10-13,qamar_al_deen,SA,10.7
2025-10-20,qamar_al_deen,SA,13.1
2025-10-27,qamar_al_deen,SA,12.5
2025-11-03,qamar_al_deen,SA,12.6
2025-11-10,qamar_al_deen,SA,13.4
2025-11-17,qamar_al_deen,SA,11.1
2025-11-24,qamar_al_deen,SA,12.3
2025-12-01,qamar_al_deen,SA,13.6
2025-12-08,qamar_al_deen,SA,13.1
2025-12-15,qamar_al_deen,SA,11.8
2025-12-22,qamar_al_deen,SA,12.4
2025-12-29,qamar_al_deen,SA,12.1
2026-01-05,qamar_al_deen,SA,12.5
2026-01-12,qamar_al_deen,SA,12.8
2026-01-19,qamar_al_deen,SA,12.9
2026-01-26,qamar_al_deen,SA,12.4
2026-02-02,qamar_al_deen,SA,12.5
2026-02-09,qamar_al_deen,SA,27.5
2026-02-16,qamar_al_deen,SA,38.7
2026-02-23,qamar_al_deen,SA,60.8
2026-03-02,qamar_al_deen,SA,100.0
2026-03-09,qamar_al_deen,SA,56.4
2026-03-16,qamar_al_deen,SA,16.8
2026-03-23,qamar_al_deen,SA,12.4
2026-03-30,qamar_al_deen,SA,13.5
2026-04-06,qamar_al_deen,SA,13.1
2026-04-13,qamar_al_deen,SA,13.2
2026-04-20,qamar_al_deen,SA,11.8
2024-01-01,rice,SA,94.1
2024-01-08,rice,SA,92.1
2024-01-15,rice,SA,90.2
2024-01-22,rice,SA,91.2
2024-01-29,rice,SA,93.8
2024-02-05,rice,SA,88.6
2024-02-12,rice,SA,86.5
2024-02-19,rice,SA,87.2
2024-02-26,rice,SA,90.6
2024-03-04,rice,SA,97.0
2024-03-11,rice,SA,83.5
2024-03-18,rice,SA,95.1
2024-03-25,rice,SA,84.8
2024-04-01,rice,SA,91.2
2024-04-08,rice,SA,94.1
2024-04-15,rice,SA,89.3
2024-04-22,rice,SA,90.1
2024-04-29,rice,SA,87.0
2024-05-06,rice,SA,95.2
2024-05-13,rice,SA,92.9
2024-05-20,rice,SA,93.0
2024-05-27,rice,SA,92.4
2024-06-03,rice,SA,96.1
2024-06-10,rice,SA,89.3
2024-06-17,rice,SA,87.7
2024-06-24,rice,SA,93.6
2024-07-01,rice,SA,88.3
2024-07-08,rice,SA,91.8
2024-07-15,rice,SA,91.7
2024-07-22,rice,SA,88.9
2024-07-29,rice,SA,92.2
2024-08-05,rice,SA,92.6
2024-08-12,rice,SA,91.4
2024-08-19,rice,SA,86.3
2024-08-26,rice,SA,94.1
2024-09-02,rice,SA,89.7
2024-09-09,rice,SA,94.1
2024-09-16,rice,SA,90.0
2024-09-23,rice,SA,93.4
2024-09-30,rice,SA,95.9
2024-10-07,rice,SA,86.5
2024-10-14,rice,SA,87.7
2024-10-21,rice,SA,91.7
2024-10-28,rice,SA,88.1
2024-11-04,rice,SA,98.2
2024-11-11,rice,SA,86.8
2024-11-18,rice,SA,92.5
2024-11-25,rice,SA,87.5
2024-12-02,rice,SA,91.5
2024-12-09,rice,SA,90.8
2024-12-16,rice,SA,86.4
2024-12-23,rice,SA,91.8
2024-12-30,rice,SA,85.3
2025-01-06,rice,SA,90.1
2025-01-13,rice,SA,87.1
2025-01-20,rice,SA,87.3
2025-01-27,rice,SA,89.7
2025-02-03,rice,SA,91.6
2025-02-10,rice,SA,90.7
2025-02-17,rice,SA,91.9
2025-02-24,rice,SA,85.8
2025-03-03,rice,SA,89.4
2025-03-10,rice,SA,89.7
2025-03-17,rice,SA,89.2
2025-03-24,rice,SA,90.1
2025-03-31,rice,SA,87.5
2025-04-07,rice,SA,93.8
2025-04-14,rice,SA,81.8
2025-04-21,rice,SA,89.3
2025-04-28,rice,SA,94.8
2025-05-05,rice,SA,93.9
2025-05-12,rice,SA,85.0
2025-05-19,rice,SA,94.1
2025-05-26,rice,SA,91.8
2025-06-02,rice,SA,92.3
2025-06-09,rice,SA,87.2
2025-06-16,rice,SA,89.9
2025-06-23,rice,SA,92.3
2025-06-30,rice,SA,94.2
2025-07-07,rice,SA,94.8
2025-07-14,rice,SA,96.1
2025-07-21,rice,SA,91.6
2025-07-28,rice,SA,95.6
2025-08-04,rice,SA,86.7
2025-08-11,rice,SA,91.6
2025-08-18,rice,SA,91.1
2025-08-25,rice,SA,90.3
2025-09-01,rice,SA,94.7
2025-09-08,rice,SA,90.9
2025-09-15,rice,SA,85.9
2025-09-22,rice,SA,88.7
2025-09-29,rice,SA,93.4
2025-10-06,rice,SA,95.8
2025-10-13,rice,SA,96.1
2025-10-20,rice,SA,86.5
2025-10-27,rice,SA,95.1
2025-11-03,rice,SA,92.8
2025-11-10,rice,SA,90.8
2025-11-17,rice,SA,88.5
2025-11-24,rice,SA,88.1
2025-12-01,rice,SA,91.3
2025-12-08,rice,SA,93.1
2025-12-15,rice,SA,86.9
2025-12-22,rice,SA,97.7
2025-12-29,rice,SA,89.2
2026-01-05,rice,SA,94.8
2026-01-12,rice,SA,90.7
2026-01-19,rice,SA,92.5
2026-01-26,rice,SA,86.6
2026-02-02,rice,SA,90.3
2026-02-09,rice,SA,87.2
2026-02-16,rice,SA,96.2
2026-02-23,rice,SA,86.5
2026-03-02,rice,SA,91.9
2026-03-09,rice,SA,91.8
2026-03-16,rice,SA,87.0
2026-03-23,rice,SA,95.2
2026-03-30,rice,SA,89.2
2026-04-06,rice,SA,100.0
2026-04-13,rice,SA,82.7
2026-04-20,rice,SA,87.3
2024-01-01,riyadh_season_tickets,SA,29.2
2024-01-08,riyadh_season_tickets,SA,30.2
2024-01-15,riyadh_season_tickets,SA,32.3
2024-01-22,riyadh_season_tickets,SA,33.2
2024-01-29,riyadh_season_tickets,SA,32.5
2024-02-05,riyadh_season_tickets,SA,33.3
2024-02-12,riyadh_season_tickets,SA,34.4
2024-02-19,riyadh_season_tickets,SA,38.9
2024-02-26,riyadh_season_tickets,SA,32.8
2024-03-04,riyadh_season_tickets,SA,37.5
2024-03-11,riyadh_season_tickets,SA,34.9
2024-03-18,riyadh_season_tickets,SA,32.3
2024-03-25,riyadh_season_tickets,SA,31.4
2024-04-01,riyadh_season_tickets,SA,35.3
2024-04-08,riyadh_season_tickets,SA,36.8
2024-04-15,riyadh_season_tickets,SA,32.5
2024-04-22,riyadh_season_tickets,SA,35.7
2024-04-29,riyadh_season_tickets,SA,33.1
2024-05-06,riyadh_season_tickets,SA,35.8
2024-05-13,riyadh_season_tickets,SA,34.7
2024-05-20,riyadh_season_tickets,SA,34.8
2024-05-27,riyadh_season_tickets,SA,34.4
2024-06-03,riyadh_season_tickets,SA,33.0
2024-06-10,riyadh_season_tickets,SA,30.8
2024-06-17,riyadh_season_tickets,SA,32.0
2024-06-24,riyadh_season_tickets,SA,32.6
2024-07-01,riyadh_season_tickets,SA,30.8
2024-07-08,riyadh_season_tickets,SA,33.8
2024-07-15,riyadh_season_tickets,SA,35.1
2024-07-22,riyadh_season_tickets,SA,37.2
2024-07-29,riyadh_season_tickets,SA,36.2
2024-08-05,riyadh_season_tickets,SA,35.7
2024-08-12,riyadh_season_tickets,SA,34.4
2024-08-19,riyadh_season_tickets,SA,34.7
2024-08-26,riyadh_season_tickets,SA,33.5
2024-09-02,riyadh_season_tickets,SA,32.5
2024-09-09,riyadh_season_tickets,SA,31.7
2024-09-16,riyadh_season_tickets,SA,32.7
2024-09-23,riyadh_season_tickets,SA,32.4
2024-09-30,riyadh_season_tickets,SA,36.0
2024-10-07,riyadh_season_tickets,SA,54.0
2024-10-14,riyadh_season_tickets,SA,34.8
2024-10-21,riyadh_season_tickets,SA,45.7
2024-10-28,riyadh_season_tickets,SA,48.3
2024-11-04,riyadh_season_tickets,SA,49.1
2024-11-11,riyadh_season_tickets,SA,50.2
2024-11-18,riyadh_season_tickets,SA,67.9
2024-11-25,riyadh_season_tickets,SA,76.6
2024-12-02,riyadh_season_tickets,SA,74.2
2024-12-09,riyadh_season_tickets,SA,77.4
2024-12-16,riyadh_season_tickets,SA,83.4
2024-12-23,riyadh_season_tickets,SA,77.0
2024-12-30,riyadh_season_tickets,SA,95.3
2025-01-06,riyadh_season_tickets,SA,85.6
2025-01-13,riyadh_season_tickets,SA,84.4
2025-01-20,riyadh_season_tickets,SA,73.7
2025-01-27,riyadh_season_tickets,SA,66.4
2025-02-03,riyadh_season_tickets,SA,62.6
2025-02-10,riyadh_season_tickets,SA,53.1
2025-02-17,riyadh_season_tickets,SA,50.6
2025-02-24,riyadh_season_tickets,SA,39.9
2025-03-03,riyadh_season_tickets,SA,47.4
2025-03-10,riyadh_season_tickets,SA,37.2
2025-03-17,riyadh_season_tickets,SA,36.3
2025-03-24,riyadh_season_tickets,SA,35.2
2025-03-31,riyadh_season_tickets,SA,41.2
2025-04-07,riyadh_season_tickets,SA,34.4
2025-04-14,riyadh_season_tickets,SA,34.3
2025-04-21,riyadh_season_tickets,SA,40.5
2025-04-28,riyadh_season_tickets,SA,33.1
2025-05-05,riyadh_season_tickets,SA,35.2
2025-05-12,riyadh_season_tickets,SA,37.6
2025-05-19,riyadh_season_tickets,SA,36.4
2025-05-26,riyadh_season_tickets,SA,39.4
2025-06-02,riyadh_season_tickets,SA,40.9
2025-06-09,riyadh_season_tickets,SA,40.7
2025-06-16,riyadh_season_tickets,SA,41.1
2025-06-23,riyadh_season_tickets,SA,35.7
2025-06-30,riyadh_season_tickets,SA,38.4
2025-07-07,riyadh_season_tickets,SA,39.6
2025-07-14,riyadh_season_tickets,SA,38.3
2025-07-21,riyadh_season_tickets,SA,36.8
2025-07-28,riyadh_season_tickets,SA,36.7
2025-08-04,riyadh_season_tickets,SA,40.3
2025-08-11,riyadh_season_tickets,SA,39.2
2025-08-18,riyadh_season_tickets,SA,36.7
2025-08-25,riyadh_season_tickets,SA,38.1
2025-09-01,riyadh_season_tickets,SA,33.5
2025-09-08,riyadh_season_tickets,SA,37.4
2025-09-15,riyadh_season_tickets,SA,34.7
2025-09-22,riyadh_season_tickets,SA,39.2
2025-09-29,riyadh_season_tickets,SA,43.0
2025-10-06,riyadh_season_tickets,SA,61.0
2025-10-13,riyadh_season_tickets,SA,44.9
2025-10-20,riyadh_season_tickets,SA,42.0
2025-10-27,riyadh_season_tickets,SA,41.5
2025-11-03,riyadh_season_tickets,SA,49.3
2025-11-10,riyadh_season_tickets,SA,56.2
2025-11-17,riyadh_season_tickets,SA,60.7
2025-11-24,riyadh_season_tickets,SA,84.5
2025-12-01,riyadh_season_tickets,SA,78.4
2025-12-08,riyadh_season_tickets,SA,90.6
2025-12-15,riyadh_season_tickets,SA,86.5
2025-12-22,riyadh_season_tickets,SA,95.6
2025-12-29,riyadh_season_tickets,SA,100.0
2026-01-05,riyadh_season_tickets,SA,97.7
2026-01-12,riyadh_season_tickets,SA,89.2
2026-01-19,riyadh_season_tickets,SA,79.6
2026-01-26,riyadh_season_tickets,SA,73.8
2026-02-02,riyadh_season_tickets,SA,70.5
2026-02-09,riyadh_season_tickets,SA,60.8
2026-02-16,riyadh_season_tickets,SA,56.0
2026-02-23,riyadh_season_tickets,SA,51.8
2026-03-02,riyadh_season_tickets,SA,38.6
2026-03-09,riyadh_season_tickets,SA,41.3
2026-03-16,riyadh_season_tickets,SA,40.5
2026-03-23,riyadh_season_tickets,SA,41.7
2026-03-30,riyadh_season_tickets,SA,38.0
2026-04-06,riyadh_season_tickets,SA,37.7
2026-04-13,riyadh_season_tickets,SA,41.0
2026-04-20,riyadh_season_tickets,SA,40.4
2024-01-01,selah_dance,SA,4.0
2024-01-08,selah_dance,SA,3.4
2024-01-15,selah_dance,SA,4.1
2024-01-22,selah_dance,SA,4.0
2024-01-29,selah_dance,SA,4.1
2024-02-05,selah_dance,SA,3.5
2024-02-12,selah_dance,SA,3.9
2024-02-19,selah_dance,SA,4.3
2024-02-26,selah_dance,SA,2.6
2024-03-04,selah_dance,SA,4.2
2024-03-11,selah_dance,SA,4.4
2024-03-18,selah_dance,SA,4.2
2024-03-25,selah_dance,SA,4.7
2024-04-01,selah_dance,SA,4.2
2024-04-08,selah_dance,SA,4.2
2024-04-15,selah_dance,SA,3.6
2024-04-22,selah_dance,SA,3.9
2024-04-29,selah_dance,SA,3.4
2024-05-06,selah_dance,SA,3.4
2024-05-13,selah_dance,SA,4.0
2024-05-20,selah_dance,SA,4.1
2024-05-27,selah_dance,SA,4.5
2024-06-03,selah_dance,SA,3.8
2024-06-10,selah_dance,SA,4.8
2024-06-17,selah_dance,SA,3.1
2024-06-24,selah_dance,SA,2.9
2024-07-01,selah_dance,SA,3.4
2024-07-08,selah_dance,SA,4.1
2024-07-15,selah_dance,SA,4.1
2024-07-22,selah_dance,SA,4.4
2024-07-29,selah_dance,SA,4.0
2024-08-05,selah_dance,SA,3.8
2024-08-12,selah_dance,SA,4.3
2024-08-19,selah_dance,SA,3.8
2024-08-26,selah_dance,SA,3.1
2024-09-02,selah_dance,SA,3.5
2024-09-09,selah_dance,SA,4.2
2024-09-16,selah_dance,SA,3.7
2024-09-23,selah_dance,SA,3.6
2024-09-30,selah_dance,SA,3.9
2024-10-07,selah_dance,SA,3.1
2024-10-14,selah_dance,SA,3.6
2024-10-21,selah_dance,SA,3.9
2024-10-28,selah_dance,SA,3.5
2024-11-04,selah_dance,SA,3.9
2024-11-11,selah_dance,SA,3.9
2024-11-18,selah_dance,SA,3.7
2024-11-25,selah_dance,SA,3.6
2024-12-02,selah_dance,SA,4.2
2024-12-09,selah_dance,SA,4.0
2024-12-16,selah_dance,SA,3.5
2024-12-23,selah_dance,SA,3.8
2024-12-30,selah_dance,SA,3.5
2025-01-06,selah_dance,SA,4.2
2025-01-13,selah_dance,SA,4.2
2025-01-20,selah_dance,SA,4.5
2025-01-27,selah_dance,SA,4.9
2025-02-03,selah_dance,SA,4.8
2025-02-10,selah_dance,SA,5.0
2025-02-17,selah_dance,SA,5.1
2025-02-24,selah_dance,SA,4.2
2025-03-03,selah_dance,SA,3.5
2025-03-10,selah_dance,SA,4.2
2025-03-17,selah_dance,SA,4.1
2025-03-24,selah_dance,SA,3.0
2025-03-31,selah_dance,SA,3.8
2025-04-07,selah_dance,SA,4.5
2025-04-14,selah_dance,SA,3.8
2025-04-21,selah_dance,SA,3.6
2025-04-28,selah_dance,SA,3.9
2025-05-05,selah_dance,SA,4.7
2025-05-12,selah_dance,SA,4.0
2025-05-19,selah_dance,SA,3.7
2025-05-26,selah_dance,SA,4.0
2025-06-02,selah_dance,SA,4.3
2025-06-09,selah_dance,SA,3.6
2025-06-16,selah_dance,SA,4.5
2025-06-23,selah_dance,SA,3.1
2025-06-30,selah_dance,SA,4.2
2025-07-07,selah_dance,SA,4.4
2025-07-14,selah_dance,SA,3.3
2025-07-21,selah_dance,SA,4.0
2025-07-28,selah_dance,SA,3.8
2025-08-04,selah_dance,SA,3.4
2025-08-11,selah_dance,SA,3.7
2025-08-18,selah_dance,SA,3.9
2025-08-25,selah_dance,SA,3.4
2025-09-01,selah_dance,SA,3.4
2025-09-08,selah_dance,SA,3.9
2025-09-15,selah_dance,SA,4.3
2025-09-22,selah_dance,SA,3.5
2025-09-29,selah_dance,SA,3.1
2025-10-06,selah_dance,SA,3.7
2025-10-13,selah_dance,SA,3.9
2025-10-20,selah_dance,SA,4.1
2025-10-27,selah_dance,SA,4.2
2025-11-03,selah_dance,SA,4.3
2025-11-10,selah_dance,SA,3.4
2025-11-17,selah_dance,SA,3.3
2025-11-24,selah_dance,SA,4.1
2025-12-01,selah_dance,SA,5.0
2025-12-08,selah_dance,SA,4.7
2025-12-15,selah_dance,SA,4.8
2025-12-22,selah_dance,SA,4.3
2025-12-29,selah_dance,SA,3.4
2026-01-05,selah_dance,SA,4.2
2026-01-12,selah_dance,SA,3.4
2026-01-19,selah_dance,SA,3.4
2026-01-26,selah_dance,SA,4.9
2026-02-02,selah_dance,SA,3.9
2026-02-09,selah_dance,SA,4.2
2026-02-16,selah_dance,SA,4.5
2026-02-23,selah_dance,SA,4.4
2026-03-02,selah_dance,SA,86.4
2026-03-09,selah_dance,SA,100.0
2026-03-16,selah_dance,SA,46.2
2026-03-23,selah_dance,SA,20.2
2026-03-30,selah_dance,SA,7.9
2026-04-06,selah_dance,SA,4.2
2026-04-13,selah_dance,SA,3.4
2026-04-20,selah_dance,SA,3.7
2024-01-01,shisha_cafe,SA,88.9
2024-01-08,shisha_cafe,SA,96.9
2024-01-15,shisha_cafe,SA,82.8
2024-01-22,shisha_cafe,SA,93.4
2024-01-29,shisha_cafe,SA,89.3
2024-02-05,shisha_cafe,SA,89.3
2024-02-12,shisha_cafe,SA,100.0
2024-02-19,shisha_cafe,SA,85.2
2024-02-26,shisha_cafe,SA,83.1
2024-03-04,shisha_cafe,SA,87.3
2024-03-11,shisha_cafe,SA,92.9
2024-03-18,shisha_cafe,SA,99.3
2024-03-25,shisha_cafe,SA,92.3
2024-04-01,shisha_cafe,SA,96.8
2024-04-08,shisha_cafe,SA,80.3
2024-04-15,shisha_cafe,SA,92.6
2024-04-22,shisha_cafe,SA,89.8
2024-04-29,shisha_cafe,SA,90.8
2024-05-06,shisha_cafe,SA,93.3
2024-05-13,shisha_cafe,SA,85.4
2024-05-20,shisha_cafe,SA,85.5
2024-05-27,shisha_cafe,SA,81.8
2024-06-03,shisha_cafe,SA,84.7
2024-06-10,shisha_cafe,SA,82.6
2024-06-17,shisha_cafe,SA,90.8
2024-06-24,shisha_cafe,SA,81.2
2024-07-01,shisha_cafe,SA,77.2
2024-07-08,shisha_cafe,SA,81.1
2024-07-15,shisha_cafe,SA,88.8
2024-07-22,shisha_cafe,SA,85.9
2024-07-29,shisha_cafe,SA,83.6
2024-08-05,shisha_cafe,SA,87.7
2024-08-12,shisha_cafe,SA,89.3
2024-08-19,shisha_cafe,SA,82.5
2024-08-26,shisha_cafe,SA,81.6
2024-09-02,shisha_cafe,SA,79.4
2024-09-09,shisha_cafe,SA,81.1
2024-09-16,shisha_cafe,SA,82.8
2024-09-23,shisha_cafe,SA,79.3
2024-09-30,shisha_cafe,SA,77.9
2024-10-07,shisha_cafe,SA,81.2
2024-10-14,shisha_cafe,SA,88.6
2024-10-21,shisha_cafe,SA,78.5
2024-10-28,shisha_cafe,SA,80.4
2024-11-04,shisha_cafe,SA,87.6
2024-11-11,shisha_cafe,SA,87.0
2024-11-18,shisha_cafe,SA,75.2
2024-11-25,shisha_cafe,SA,86.9
2024-12-02,shisha_cafe,SA,76.4
2024-12-09,shisha_cafe,SA,74.5
2024-12-16,shisha_cafe,SA,77.7
2024-12-23,shisha_cafe,SA,69.8
2024-12-30,shisha_cafe,SA,85.9
2025-01-06,shisha_cafe,SA,85.5
2025-01-13,shisha_cafe,SA,70.3
2025-01-20,shisha_cafe,SA,77.6
2025-01-27,shisha_cafe,SA,80.2
2025-02-03,shisha_cafe,SA,70.6
2025-02-10,shisha_cafe,SA,85.3
2025-02-17,shisha_cafe,SA,72.7
2025-02-24,shisha_cafe,SA,76.4
2025-03-03,shisha_cafe,SA,66.7
2025-03-10,shisha_cafe,SA,73.6
2025-03-17,shisha_cafe,SA,80.7
2025-03-24,shisha_cafe,SA,83.9
2025-03-31,shisha_cafe,SA,76.3
2025-04-07,shisha_cafe,SA,76.8
2025-04-14,shisha_cafe,SA,80.8
2025-04-21,shisha_cafe,SA,72.4
2025-04-28,shisha_cafe,SA,78.5
2025-05-05,shisha_cafe,SA,73.9
2025-05-12,shisha_cafe,SA,67.6
2025-05-19,shisha_cafe,SA,74.9
2025-05-26,shisha_cafe,SA,70.3
2025-06-02,shisha_cafe,SA,73.3
2025-06-09,shisha_cafe,SA,73.3
2025-06-16,shisha_cafe,SA,73.8
2025-06-23,shisha_cafe,SA,71.3
2025-06-30,shisha_cafe,SA,72.3
2025-07-07,shisha_cafe,SA,74.5
2025-07-14,shisha_cafe,SA,73.0
2025-07-21,shisha_cafe,SA,73.4
2025-07-28,shisha_cafe,SA,69.7
2025-08-04,shisha_cafe,SA,84.1
2025-08-11,shisha_cafe,SA,73.3
2025-08-18,shisha_cafe,SA,72.7
2025-08-25,shisha_cafe,SA,75.2
2025-09-01,shisha_cafe,SA,71.4
2025-09-08,shisha_cafe,SA,73.1
2025-09-15,shisha_cafe,SA,65.9
2025-09-22,shisha_cafe,SA,65.8
2025-09-29,shisha_cafe,SA,70.5
2025-10-06,shisha_cafe,SA,64.2
2025-10-13,shisha_cafe,SA,67.5
2025-10-20,shisha_cafe,SA,64.5
2025-10-27,shisha_cafe,SA,66.7
2025-11-03,shisha_cafe,SA,72.1
2025-11-10,shisha_cafe,SA,66.9
2025-11-17,shisha_cafe,SA,64.3
2025-11-24,shisha_cafe,SA,63.0
2025-12-01,shisha_cafe,SA,66.7
2025-12-08,shisha_cafe,SA,69.5
2025-12-15,shisha_cafe,SA,69.1
2025-12-22,shisha_cafe,SA,71.3
2025-12-29,shisha_cafe,SA,68.3
2026-01-05,shisha_cafe,SA,68.1
2026-01-12,shisha_cafe,SA,72.4
2026-01-19,shisha_cafe,SA,71.1
2026-01-26,shisha_cafe,SA,61.9
2026-02-02,shisha_cafe,SA,65.8
2026-02-09,shisha_cafe,SA,76.4
2026-02-16,shisha_cafe,SA,68.1
2026-02-23,shisha_cafe,SA,66.0
2026-03-02,shisha_cafe,SA,62.0
2026-03-09,shisha_cafe,SA,65.6
2026-03-16,shisha_cafe,SA,59.9
2026-03-23,shisha_cafe,SA,65.8
2026-03-30,shisha_cafe,SA,61.6
2026-04-06,shisha_cafe,SA,63.0
2026-04-13,shisha_cafe,SA,60.3
2026-04-20,shisha_cafe,SA,68.0
2024-01-01,spam_product_x,SA,5.8
2024-01-08,spam_product_x,SA,5.6
2024-01-15,spam_product_x,SA,5.8
2024-01-22,spam_product_x,SA,5.3
2024-01-29,spam_product_x,SA,6.0
2024-02-05,spam_product_x,SA,5.2
2024-02-12,spam_product_x,SA,5.9
2024-02-19,spam_product_x,SA,5.2
2024-02-26,spam_product_x,SA,6.3
2024-03-04,spam_product_x,SA,6.1
2024-03-11,spam_product_x,SA,5.5
2024-03-18,spam_product_x,SA,5.3
2024-03-25,spam_product_x,SA,5.8
2024-04-01,spam_product_x,SA,6.2
2024-04-08,spam_product_x,SA,5.8
2024-04-15,spam_product_x,SA,6.1
2024-04-22,spam_product_x,SA,5.2
2024-04-29,spam_product_x,SA,5.7
2024-05-06,spam_product_x,SA,6.0
2024-05-13,spam_product_x,SA,5.8
2024-05-20,spam_product_x,SA,5.7
2024-05-27,spam_product_x,SA,6.4
2024-06-03,spam_product_x,SA,6.0
2024-06-10,spam_product_x,SA,6.0
2024-06-17,spam_product_x,SA,5.5
2024-06-24,spam_product_x,SA,4.7
2024-07-01,spam_product_x,SA,6.0
2024-07-08,spam_product_x,SA,5.7
2024-07-15,spam_product_x,SA,5.6
2024-07-22,spam_product_x,SA,5.5
2024-07-29,spam_product_x,SA,5.8
2024-08-05,spam_product_x,SA,6.3
2024-08-12,spam_product_x,SA,5.3
2024-08-19,spam_product_x,SA,5.6
2024-08-26,spam_product_x,SA,5.1
2024-09-02,spam_product_x,SA,6.2
2024-09-09,spam_product_x,SA,5.2
2024-09-16,spam_product_x,SA,5.3
2024-09-23,spam_product_x,SA,5.6
2024-09-30,spam_product_x,SA,6.3
2024-10-07,spam_product_x,SA,5.4
2024-10-14,spam_product_x,SA,5.9
2024-10-21,spam_product_x,SA,6.3
2024-10-28,spam_product_x,SA,5.2
2024-11-04,spam_product_x,SA,5.5
2024-11-11,spam_product_x,SA,6.5
2024-11-18,spam_product_x,SA,5.3
2024-11-25,spam_product_x,SA,6.1
2024-12-02,spam_product_x,SA,6.3
2024-12-09,spam_product_x,SA,6.4
2024-12-16,spam_product_x,SA,5.6
2024-12-23,spam_product_x,SA,5.2
2024-12-30,spam_product_x,SA,6.1
2025-01-06,spam_product_x,SA,5.4
2025-01-13,spam_product_x,SA,5.3
2025-01-20,spam_product_x,SA,4.5
2025-01-27,spam_product_x,SA,5.4
2025-02-03,spam_product_x,SA,5.2
2025-02-10,spam_product_x,SA,6.7
2025-02-17,spam_product_x,SA,5.1
2025-02-24,spam_product_x,SA,5.7
2025-03-03,spam_product_x,SA,5.8
2025-03-10,spam_product_x,SA,5.1
2025-03-17,spam_product_x,SA,5.6
2025-03-24,spam_product_x,SA,5.4
2025-03-31,spam_product_x,SA,5.5
2025-04-07,spam_product_x,SA,5.8
2025-04-14,spam_product_x,SA,5.5
2025-04-21,spam_product_x,SA,5.6
2025-04-28,spam_product_x,SA,5.7
2025-05-05,spam_product_x,SA,5.6
2025-05-12,spam_product_x,SA,6.5
2025-05-19,spam_product_x,SA,5.9
2025-05-26,spam_product_x,SA,5.5
2025-06-02,spam_product_x,SA,5.9
2025-06-09,spam_product_x,SA,5.6
2025-06-16,spam_product_x,SA,5.2
2025-06-23,spam_product_x,SA,5.8
2025-06-30,spam_product_x,SA,6.1
2025-07-07,spam_product_x,SA,6.1
2025-07-14,spam_product_x,SA,6.4
2025-07-21,spam_product_x,SA,5.8
2025-07-28,spam_product_x,SA,5.7
2025-08-04,spam_product_x,SA,5.4
2025-08-11,spam_product_x,SA,5.9
2025-08-18,spam_product_x,SA,5.2
2025-08-25,spam_product_x,SA,6.2
2025-09-01,spam_product_x,SA,6.1
2025-09-08,spam_product_x,SA,6.3
2025-09-15,spam_product_x,SA,5.3
2025-09-22,spam_product_x,SA,5.8
2025-09-29,spam_product_x,SA,5.6
2025-10-06,spam_product_x,SA,5.5
2025-10-13,spam_product_x,SA,6.3
2025-10-20,spam_product_x,SA,5.8
2025-10-27,spam_product_x,SA,5.2
2025-11-03,spam_product_x,SA,5.4
2025-11-10,spam_product_x,SA,6.2
2025-11-17,spam_product_x,SA,5.4
2025-11-24,spam_product_x,SA,5.5
2025-12-01,spam_product_x,SA,5.1
2025-12-08,spam_product_x,SA,6.2
2025-12-15,spam_product_x,SA,6.6
2025-12-22,spam_product_x,SA,5.8
2025-12-29,spam_product_x,SA,5.2
2026-01-05,spam_product_x,SA,6.3
2026-01-12,spam_product_x,SA,5.6
2026-01-19,spam_product_x,SA,5.0
2026-01-26,spam_product_x,SA,5.4
2026-02-02,spam_product_x,SA,5.8
2026-02-09,spam_product_x,SA,5.2
2026-02-16,spam_product_x,SA,5.4
2026-02-23,spam_product_x,SA,6.0
2026-03-02,spam_product_x,SA,5.7
2026-03-09,spam_product_x,SA,5.1
2026-03-16,spam_product_x,SA,5.5
2026-03-23,spam_product_x,SA,5.9
2026-03-30,spam_product_x,SA,100.0
2026-04-06,spam_product_x,SA,56.1
2026-04-13,spam_product_x,SA,21.4
2026-04-20,spam_product_x,SA,5.4
